Tm,Season,W,L,T,win_percent,PF,PA,PD,MoV,SoS,SRS,OSRS,DSRS,Playoffs
BUF,2024,13,4,0,0.765,525,368,157,9.2,-1.1,8.1,7.8,0.3,1
MIA,2024,8,9,0,0.471,345,364,-19,-1.1,-1.9,-3,-3.5,0.4,0
NYJ,2024,5,12,0,0.294,338,404,-66,-3.9,-0.5,-4.3,-3,-1.4,0
NE,2024,4,13,0,0.235,289,417,-128,-7.5,-0.6,-8.1,-6.2,-1.9,0
BAL,2024,12,5,0,0.706,518,361,157,9.2,0.6,9.9,8,1.9,1
PIT,2024,10,7,0,0.588,380,347,33,1.9,0.1,2.1,-0.7,2.8,1
CIN,2024,9,8,0,0.529,472,434,38,2.2,-0.8,1.4,5,-3.6,0
CLE,2024,3,14,0,0.176,258,435,-177,-10.4,1.2,-9.2,-7.1,-2.1,0
HOU,2024,10,7,0,0.588,372,372,0,0,-0.7,-0.7,-1.5,0.8,1
IND,2024,8,9,0,0.471,377,427,-50,-2.9,-0.7,-3.7,-0.5,-3.2,0
JAX,2024,4,13,0,0.235,320,435,-115,-6.8,-0.8,-7.5,-4.2,-3.4,0
TEN,2024,3,14,0,0.176,311,460,-149,-8.8,0.4,-8.4,-4.7,-3.7,0
KC,2024,15,2,0,0.882,385,326,59,3.5,0.7,4.2,-0.2,4.4,1
LAC,2024,11,6,0,0.647,402,301,101,5.9,-0.6,5.3,0.6,4.7,1
DEN,2024,10,7,0,0.588,425,311,114,6.7,-0.3,6.4,2.1,4.3,1
LV,2024,4,13,0,0.235,309,434,-125,-7.4,1,-6.4,-3.9,-2.5,0
PHI,2024,14,3,0,0.824,463,303,160,9.4,-1.7,7.7,3,4.7,1
WAS,2024,12,5,0,0.706,485,391,94,5.5,-1.8,3.7,4.9,-1.2,1
DAL,2024,7,10,0,0.412,350,468,-118,-6.9,0.6,-6.3,-2.6,-3.7,0
NYG,2024,3,14,0,0.176,273,415,-142,-8.4,0.3,-8,-7.5,-0.5,0
DET,2024,15,2,0,0.882,564,342,222,13.1,0.7,13.8,10.6,3.2,1
MIN,2024,14,3,0,0.824,432,332,100,5.9,0.3,6.2,2.8,3.4,1
GB,2024,11,6,0,0.647,460,338,122,7.2,0.9,8.1,4.9,3.2,1
CHI,2024,5,12,0,0.294,310,370,-60,-3.5,1.2,-2.3,-4.8,2.4,0
TB,2024,10,7,0,0.588,502,385,117,6.9,-0.4,6.4,6,0.4,1
ATL,2024,8,9,0,0.471,389,423,-34,-2,-0.2,-2.2,0,-2.2,0
CAR,2024,5,12,0,0.294,341,534,-193,-11.4,0.4,-11,-2.6,-8.4,0
NO,2024,5,12,0,0.294,338,398,-60,-3.5,-0.6,-4.1,-3.6,-0.5,0
LAR,2024,10,7,0,0.588,367,386,-19,-1.1,1.1,-0.1,-0.6,0.6,1
SEA,2024,10,7,0,0.588,375,368,7,0.4,0.8,1.3,-0.3,1.5,0
AZ,2024,8,9,0,0.471,400,379,21,1.2,0.9,2.1,0.8,1.2,0
SF,2024,6,11,0,0.353,389,436,-47,-2.8,1.6,-1.2,0.9,-2.1,0
BUF,2023,11,6,0,0.647,451,311,140,8.2,-1.8,6.5,4.1,2.3,1
MIA,2023,11,6,0,0.647,496,391,105,6.2,-1.8,4.4,7.6,-3.1,1
NYJ,2023,7,10,0,0.412,268,355,-87,-5.1,-0.6,-5.8,-6.7,0.9,0
NE,2023,4,13,0,0.235,236,366,-130,-7.6,-0.2,-7.9,-8.5,0.6,0
BAL,2023,13,4,0,0.765,483,280,203,11.9,1.2,13.2,6.7,6.5,1
CLE,2023,11,6,0,0.647,396,362,34,2,1.3,3.3,2.4,0.9,1
PIT,2023,10,7,0,0.588,304,324,-20,-1.2,1.9,0.7,-3,3.7,1
CIN,2023,9,8,0,0.529,366,384,-18,-1.1,2.8,1.7,1.3,0.4,0
HOU,2023,10,7,0,0.588,377,353,24,1.4,-1,0.4,0.3,0.1,1
JAX,2023,9,8,0,0.529,377,371,6,0.4,1.1,1.4,1.3,0.1,0
IND,2023,9,8,0,0.529,396,415,-19,-1.1,-0.2,-1.3,2.4,-3.8,0
TEN,2023,6,11,0,0.353,305,367,-62,-3.6,0.4,-3.2,-4,0.7,0
KC,2023,11,6,0,0.647,371,294,77,4.5,-0.8,3.7,-0.6,4.4,1
LV,2023,8,9,0,0.471,332,331,1,0.1,-0.9,-0.9,-2.4,1.6,0
DEN,2023,8,9,0,0.471,357,413,-56,-3.3,-0.5,-3.8,-0.8,-3,0
LAC,2023,5,12,0,0.294,346,398,-52,-3.1,0.9,-2.2,-0.6,-1.6,0
DAL,2023,12,5,0,0.706,509,315,194,11.4,-2.2,9.2,6.5,2.7,1
PHI,2023,11,6,0,0.647,433,428,5,0.3,-0.4,-0.1,3.6,-3.7,1
NYG,2023,6,11,0,0.353,266,407,-141,-8.3,0.4,-7.9,-6.9,-1,0
WAS,2023,4,13,0,0.235,329,518,-189,-11.1,0,-11.1,-2.8,-8.4,0
DET,2023,12,5,0,0.706,461,395,66,3.9,0.4,4.3,6,-1.8,1
GB,2023,9,8,0,0.529,383,350,33,1.9,-0.8,1.2,0.9,0.2,1
MIN,2023,7,10,0,0.412,344,362,-18,-1.1,0.5,-0.6,-1.6,1,0
CHI,2023,7,10,0,0.412,360,379,-19,-1.1,-0.9,-2,-1.2,-0.9,0
TB,2023,9,8,0,0.529,348,325,23,1.4,-0.3,1.1,-1.6,2.7,1
NO,2023,9,8,0,0.529,402,327,75,4.4,-2.2,2.2,1.7,0.5,0
ATL,2023,7,10,0,0.412,321,373,-52,-3.1,-1.9,-5,-3.6,-1.4,0
CAR,2023,2,15,0,0.118,236,416,-180,-10.6,0.7,-9.9,-7.9,-2,0
SF,2023,12,5,0,0.706,491,298,193,11.4,0.4,11.8,7.1,4.7,1
LAR,2023,10,7,0,0.588,404,377,27,1.6,1.4,3,2,1,1
SEA,2023,9,8,0,0.529,364,402,-38,-2.2,1.3,-1,-0.2,-0.8,0
ARI,2023,4,13,0,0.235,330,455,-125,-7.4,1.9,-5.4,-1.8,-3.7,0
BUF,2022,13,3,0,0.813,455,286,169,10.6,0.4,10.9,7.1,3.8,1
MIA,2022,9,8,0,0.529,397,399,-2,-0.1,2,1.8,2.7,-0.9,1
NE,2022,8,9,0,0.471,364,347,17,1,1,2,-0.3,2.3,0
NYJ,2022,7,10,0,0.412,296,316,-20,-1.2,2,0.8,-4,4.8,0
CIN,2022,12,4,0,0.75,418,322,96,6,0.9,6.9,5.5,1.4,1
BAL,2022,10,7,0,0.588,350,315,35,2.1,1.1,3.1,-0.2,3.4,1
PIT,2022,9,8,0,0.529,308,346,-38,-2.2,1.5,-0.8,-3,2.3,0
CLE,2022,7,10,0,0.412,361,381,-20,-1.2,1.1,-0.1,0.7,-0.9,0
JAX,2022,9,8,0,0.529,404,350,54,3.2,-1.4,1.8,1.6,0.2,1
TEN,2022,7,10,0,0.412,298,359,-61,-3.6,0,-3.6,-4.7,1.1,0
IND,2022,4,12,1,0.265,289,427,-138,-8.1,-0.5,-8.6,-4.9,-3.7,0
HOU,2022,3,13,1,0.206,289,420,-131,-7.7,-0.8,-8.5,-5.4,-3.1,0
KC,2022,14,3,0,0.824,496,369,127,7.5,-1.2,6.2,6.8,-0.6,1
LAC,2022,10,7,0,0.588,391,384,7,0.4,-1.3,-0.9,0.1,-1,1
LV,2022,6,11,0,0.353,395,418,-23,-1.4,-1.1,-2.5,1.2,-3.7,0
DEN,2022,5,12,0,0.294,287,359,-72,-4.2,-0.7,-5,-5.6,0.6,0
PHI,2022,14,3,0,0.824,477,344,133,7.8,-1.3,6.5,5.8,0.7,1
DAL,2022,12,5,0,0.706,467,342,125,7.4,-0.8,6.5,5.3,1.3,1
NYG,2022,9,7,1,0.559,365,371,-6,-0.4,0,-0.4,-0.8,0.4,1
WAS,2022,8,8,1,0.5,321,343,-22,-1.3,0.4,-0.9,-3.5,2.6,0
MIN,2022,13,4,0,0.765,424,427,-3,-0.2,0.1,-0.1,2.8,-2.9,1
DET,2022,9,8,0,0.529,453,427,26,1.5,0.7,2.2,4.7,-2.4,0
GB,2022,8,9,0,0.471,370,371,-1,-0.1,0.4,0.3,-0.3,0.6,0
CHI,2022,3,14,0,0.176,326,463,-137,-8.1,1.6,-6.4,-2.5,-4,0
TB,2022,8,9,0,0.471,313,358,-45,-2.6,0.4,-2.3,-3.3,1.1,1
CAR,2022,7,10,0,0.412,347,374,-27,-1.6,-0.6,-2.2,-1.3,-0.9,0
NO,2022,7,10,0,0.412,330,345,-15,-0.9,-0.3,-1.2,-2.8,1.7,0
ATL,2022,7,10,0,0.412,365,386,-21,-1.2,-0.9,-2.1,-0.1,-2,0
SF,2022,13,4,0,0.765,450,277,173,10.2,-2.3,7.9,3.3,4.6,1
SEA,2022,9,8,0,0.529,407,401,6,0.4,-0.8,-0.5,1.9,-2.4,1
LAR,2022,5,12,0,0.294,307,384,-77,-4.5,0.5,-4,-4.1,0,0
ARI,2022,4,13,0,0.235,340,449,-109,-6.4,0.2,-6.2,-1.9,-4.3,0
BUF,2021,11,6,0,0.647,483,289,194,11.4,-1.6,9.8,5,4.8,1
NE,2021,10,7,0,0.588,462,303,159,9.4,-0.9,8.5,3.6,4.8,1
MIA,2021,9,8,0,0.529,341,373,-32,-1.9,-0.8,-2.7,-3.1,0.3,0
NYJ,2021,4,13,0,0.235,310,504,-194,-11.4,1,-10.4,-3.6,-6.7,0
CIN,2021,10,7,0,0.588,460,376,84,4.9,-1.9,3.1,3.4,-0.3,1
PIT,2021,9,7,1,0.559,343,398,-55,-3.2,0.8,-2.5,-2.6,0.1,1
CLE,2021,8,9,0,0.471,349,371,-22,-1.3,0,-1.3,-2.7,1.3,0
BAL,2021,8,9,0,0.471,387,392,-5,-0.3,0,-0.3,-0.3,0,0
TEN,2021,12,5,0,0.706,419,354,65,3.8,-0.4,3.4,1.8,1.6,1
IND,2021,9,8,0,0.529,451,365,86,5.1,-0.6,4.4,3.3,1.1,0
HOU,2021,4,13,0,0.235,280,452,-172,-10.1,0.4,-9.7,-6.3,-3.4,0
JAX,2021,3,14,0,0.176,253,457,-204,-12,0.6,-11.4,-7.7,-3.7,0
KC,2021,12,5,0,0.706,480,364,116,6.8,0.6,7.4,5.4,2,1
LV,2021,10,7,0,0.588,374,439,-65,-3.8,0.6,-3.3,-0.7,-2.6,1
LAC,2021,9,8,0,0.529,474,459,15,0.9,0.2,1.1,5.3,-4.2,0
DEN,2021,7,10,0,0.412,335,322,13,0.8,-1.3,-0.5,-4.7,4.2,0
DAL,2021,12,5,0,0.706,530,358,172,10.1,-0.2,9.9,8.2,1.7,1
PHI,2021,9,8,0,0.529,444,385,59,3.5,-1,2.5,2.6,-0.1,1
WAS,2021,7,10,0,0.412,335,434,-99,-5.8,1.6,-4.2,-2.7,-1.5,0
NYG,2021,4,13,0,0.235,258,416,-158,-9.3,1,-8.3,-7.7,-0.6,0
GB,2021,13,4,0,0.765,450,371,79,4.6,-0.2,4.4,3.5,1,1
MIN,2021,8,9,0,0.471,425,426,-1,-0.1,0.3,0.3,1.9,-1.6,0
CHI,2021,6,11,0,0.353,311,407,-96,-5.6,0.5,-5.2,-4.9,-0.3,0
DET,2021,3,13,1,0.206,325,467,-142,-8.4,0.6,-7.8,-3.5,-4.3,0
TB,2021,13,4,0,0.765,511,353,158,9.3,-0.7,8.6,7.3,1.3,1
NO,2021,9,8,0,0.529,364,335,29,1.7,0.3,2,-1.5,3.6,0
ATL,2021,7,10,0,0.412,313,459,-146,-8.6,0.1,-8.5,-4.2,-4.3,0
CAR,2021,5,12,0,0.294,304,404,-100,-5.9,0.4,-5.5,-5,-0.5,0
LAR,2021,12,5,0,0.706,460,372,88,5.2,0.1,5.3,4.2,1.1,1
ARI,2021,11,6,0,0.647,449,366,83,4.9,0.3,5.2,3.6,1.6,1
SF,2021,10,7,0,0.588,427,365,62,3.6,0.1,3.8,1.8,1.9,1
SEA,2021,7,10,0,0.412,395,366,29,1.7,0.2,1.9,0.4,1.5,0
BUF,2020,13,3,0,0.813,501,375,126,7.9,-0.2,7.7,7.1,0.6,1
MIA,2020,10,6,0,0.625,404,338,66,4.1,-1.2,3,0.3,2.7,0
NE,2020,7,9,0,0.438,326,353,-27,-1.7,0.7,-1,-4.2,3.2,0
NYJ,2020,2,14,0,0.125,243,457,-214,-13.4,1.9,-11.5,-8.7,-2.8,0
PIT,2020,12,4,0,0.75,416,312,104,6.5,-1.8,4.7,0.3,4.4,1
BAL,2020,11,5,0,0.688,468,303,165,10.3,-2,8.3,3.9,4.3,1
CLE,2020,11,5,0,0.688,408,419,-11,-0.7,-1.9,-2.6,0.3,-2.8,1
CIN,2020,4,11,1,0.281,311,424,-113,-7.1,-0.4,-7.5,-5.4,-2.1,0
TEN,2020,11,5,0,0.688,491,439,52,3.3,-1.7,1.6,4.7,-3.1,1
IND,2020,11,5,0,0.688,451,362,89,5.6,-2.8,2.8,1.2,1.6,1
HOU,2020,4,12,0,0.25,384,464,-80,-5,-0.5,-5.5,-1.4,-4.1,0
JAX,2020,1,15,0,0.063,306,492,-186,-11.6,-0.1,-11.7,-6.5,-5.3,0
KC,2020,14,2,0,0.875,473,362,111,6.9,-0.1,6.8,4.5,2.3,1
LV,2020,8,8,0,0.5,434,478,-44,-2.8,0.8,-2,2.9,-4.9,0
LAC,2020,7,9,0,0.438,384,426,-42,-2.6,-0.3,-2.9,-1,-2,0
DEN,2020,5,11,0,0.313,323,446,-123,-7.7,1.7,-6,-4.3,-1.7,0
WAS,2020,7,9,0,0.438,335,329,6,0.4,-1.2,-0.8,-4.1,3.2,1
NYG,2020,6,10,0,0.375,280,357,-77,-4.8,0.4,-4.4,-6.7,2.3,0
DAL,2020,6,10,0,0.375,395,473,-78,-4.9,-0.2,-5.1,1,-6.1,0
PHI,2020,4,11,1,0.281,334,418,-84,-5.3,0.8,-4.4,-2.8,-1.6,0
GB,2020,13,3,0,0.813,509,369,140,8.8,-1.1,7.7,5.9,1.8,1
CHI,2020,8,8,0,0.5,372,370,2,0.1,0.1,0.2,-2.2,2.4,1
MIN,2020,7,9,0,0.438,430,475,-45,-2.8,0.4,-2.4,1.3,-3.8,0
DET,2020,5,11,0,0.313,377,519,-142,-8.9,1.2,-7.7,-1,-6.7,0
NO,2020,12,4,0,0.75,482,337,145,9.1,0.5,9.6,5.1,4.5,1
TB,2020,11,5,0,0.688,492,355,137,8.6,0.8,9.4,6.5,2.8,1
CAR,2020,5,11,0,0.313,350,402,-52,-3.3,2.2,-1.1,-2.4,1.3,0
ATL,2020,4,12,0,0.25,396,414,-18,-1.1,1.9,0.7,-0.1,0.8,0
SEA,2020,12,4,0,0.75,459,371,88,5.5,0,5.5,4.8,0.7,1
LAR,2020,10,6,0,0.625,372,296,76,4.8,0.7,5.4,-0.8,6.2,1
ARI,2020,8,8,0,0.5,410,367,43,2.7,-0.1,2.6,1.5,1,0
SF,2020,6,10,0,0.375,376,390,-14,-0.9,1.7,0.8,0.2,0.7,0
NE,2019,12,4,0,0.75,420,225,195,12.2,-1.8,10.4,2.8,7.6,1
BUF,2019,10,6,0,0.625,314,259,55,3.4,-1.3,2.2,-3.5,5.7,1
NYJ,2019,7,9,0,0.438,276,359,-83,-5.2,-1.1,-6.3,-5.7,-0.6,0
MIA,2019,5,11,0,0.313,306,494,-188,-11.8,0.2,-11.6,-2.4,-9.1,0
BAL,2019,14,2,0,0.875,531,282,249,15.6,0.1,15.6,11,4.7,1
PIT,2019,8,8,0,0.5,289,303,-14,-0.9,1.2,0.3,-4.3,4.6,0
CLE,2019,6,10,0,0.375,335,393,-58,-3.6,1.7,-1.9,-0.4,-1.5,0
CIN,2019,2,14,0,0.125,279,420,-141,-8.8,1.5,-7.3,-4.4,-2.9,0
HOU,2019,10,6,0,0.625,378,385,-7,-0.4,1,0.5,1,-0.5,1
TEN,2019,9,7,0,0.563,402,331,71,4.4,-1,3.4,1.8,1.7,1
IND,2019,7,9,0,0.438,361,373,-12,-0.8,-1.1,-1.8,-1,-0.8,0
JAX,2019,6,10,0,0.375,300,397,-97,-6.1,-0.6,-6.7,-4.6,-2.1,0
KC,2019,12,4,0,0.75,451,308,143,8.9,0.2,9.1,6.2,2.9,1
DEN,2019,7,9,0,0.438,282,316,-34,-2.1,0,-2.1,-4.8,2.7,0
LV,2019,7,9,0,0.438,313,419,-106,-6.6,-0.3,-6.9,-2.5,-4.4,0
LAC,2019,5,11,0,0.313,337,345,-8,-0.5,-0.8,-1.3,-1.6,0.3,0
PHI,2019,9,7,0,0.563,385,354,31,1.9,-1.7,0.3,0.7,-0.4,1
DAL,2019,8,8,0,0.5,434,321,113,7.1,-1.8,5.3,3.8,1.5,0
NYG,2019,4,12,0,0.25,341,451,-110,-6.9,-1,-7.9,-1.8,-6.1,0
WAS,2019,3,13,0,0.188,266,435,-169,-10.6,-0.2,-10.8,-6.3,-4.5,0
GB,2019,13,3,0,0.813,376,313,63,3.9,-0.7,3.2,0.6,2.6,1
MIN,2019,10,6,0,0.625,407,303,104,6.5,-1.1,5.4,2.5,2.9,1
CHI,2019,8,8,0,0.5,280,298,-18,-1.1,0.2,-0.9,-5.4,4.5,0
DET,2019,3,12,1,0.219,341,423,-82,-5.1,-0.1,-5.2,-1.2,-4,0
NO,2019,13,3,0,0.813,458,341,117,7.3,0,7.4,5,2.3,1
ATL,2019,7,9,0,0.438,381,399,-18,-1.1,1.1,-0.1,0.3,-0.4,0
TB,2019,7,9,0,0.438,458,449,9,0.6,-0.2,0.4,4.9,-4.5,0
CAR,2019,5,11,0,0.313,340,470,-130,-8.1,1.1,-7,-1.9,-5.1,0
SF,2019,13,3,0,0.813,479,310,169,10.6,0.4,11,6.7,4.3,1
SEA,2019,11,5,0,0.688,405,398,7,0.4,2.3,2.7,2.9,-0.2,1
LAR,2019,9,7,0,0.563,394,364,30,1.9,2,3.9,2.2,1.7,0
ARI,2019,5,10,1,0.344,361,442,-81,-5.1,1.8,-3.2,-0.3,-2.9,0
NE,2018,11,5,0,0.688,436,325,111,6.9,-1.8,5.2,3.1,2.1,1
MIA,2018,7,9,0,0.438,319,433,-114,-7.1,-1.7,-8.8,-3.6,-5.2,0
BUF,2018,6,10,0,0.375,269,374,-105,-6.6,-0.3,-6.9,-6.3,-0.6,0
NYJ,2018,4,12,0,0.25,333,441,-108,-6.8,-1.1,-7.8,-2,-5.9,0
BAL,2018,10,6,0,0.625,389,287,102,6.4,0.6,7,0.6,6.4,1
PIT,2018,9,6,1,0.594,428,360,68,4.3,1.3,5.6,3.9,1.7,0
CLE,2018,7,8,1,0.469,359,392,-33,-2.1,1.7,-0.3,-1,0.6,0
CIN,2018,6,10,0,0.375,368,455,-87,-5.4,2,-3.4,0,-3.4,0
HOU,2018,11,5,0,0.688,402,316,86,5.4,-1.5,3.8,2.4,1.4,1
IND,2018,10,6,0,0.625,433,344,89,5.6,-2.2,3.4,3.9,-0.6,1
TEN,2018,9,7,0,0.563,310,303,7,0.4,-0.2,0.2,-3.2,3.5,0
JAX,2018,5,11,0,0.313,245,316,-71,-4.4,0.4,-4,-8.1,4,0
KC,2018,12,4,0,0.75,565,421,144,9,-0.1,8.9,12.6,-3.8,1
LAC,2018,12,4,0,0.75,428,329,99,6.2,-0.2,6,3,2.9,1
DEN,2018,6,10,0,0.375,329,349,-20,-1.3,0.7,-0.5,-3.6,3.1,0
LV,2018,4,12,0,0.25,290,467,-177,-11.1,1.8,-9.3,-5.2,-4.1,0
DAL,2018,10,6,0,0.625,339,324,15,0.9,0.2,1.1,-1.9,2.9,1
PHI,2018,9,7,0,0.563,367,348,19,1.2,0.5,1.7,0,1.8,1
WAS,2018,7,9,0,0.438,281,359,-78,-4.9,-0.1,-4.9,-5.6,0.6,0
NYG,2018,5,11,0,0.313,369,412,-43,-2.7,0.5,-2.2,0.8,-2.9,0
CHI,2018,12,4,0,0.75,421,283,138,8.6,-2.3,6.3,1.5,4.8,1
MIN,2018,8,7,1,0.531,360,341,19,1.2,-0.6,0.6,-1.2,1.8,0
GB,2018,6,9,1,0.406,376,400,-24,-1.5,-1.2,-2.7,0,-2.7,0
DET,2018,6,10,0,0.375,324,360,-36,-2.3,-0.8,-3,-3.3,0.3,0
NO,2018,13,3,0,0.813,504,353,151,9.4,0.6,10.1,7.9,2.2,1
ATL,2018,7,9,0,0.438,414,423,-9,-0.6,0.4,-0.1,2.5,-2.6,0
CAR,2018,7,9,0,0.438,376,382,-6,-0.4,1.3,0.9,0.1,0.8,0
TB,2018,5,11,0,0.313,396,464,-68,-4.3,1.7,-2.6,2,-4.6,0
LAR,2018,13,3,0,0.813,527,384,143,8.9,-0.4,8.5,9.5,-1.1,1
SEA,2018,10,6,0,0.625,428,347,81,5.1,-0.6,4.5,3,1.5,1
SF,2018,4,12,0,0.25,342,435,-93,-5.8,0.3,-5.5,-2.5,-3.1,0
ARI,2018,3,13,0,0.188,225,425,-200,-12.5,1,-11.5,-9.6,-1.9,0
NE,2017,13,3,0,0.813,458,296,162,10.1,-1.2,8.9,6.3,2.6,1
BUF,2017,9,7,0,0.563,302,359,-57,-3.6,-0.5,-4,-3,-1,1
MIA,2017,6,10,0,0.375,281,393,-112,-7,0.7,-6.3,-3.9,-2.4,0
NYJ,2017,5,11,0,0.313,298,382,-84,-5.3,0.3,-4.9,-2.9,-2.1,0
PIT,2017,13,3,0,0.813,406,308,98,6.1,-1.1,5,3.2,1.8,1
BAL,2017,9,7,0,0.563,395,303,92,5.8,-2.4,3.4,2.2,1.2,0
CIN,2017,7,9,0,0.438,290,349,-59,-3.7,-1.3,-5,-4.1,-0.9,0
CLE,2017,0,16,0,0,234,410,-176,-11,0,-11,-6.8,-4.1,0
JAX,2017,10,6,0,0.625,417,268,149,9.3,-2.8,6.5,3,3.6,1
TEN,2017,9,7,0,0.563,334,356,-22,-1.4,-2.1,-3.5,-2,-1.5,1
IND,2017,4,12,0,0.25,263,404,-141,-8.8,-1.3,-10.1,-6.1,-4,0
HOU,2017,4,12,0,0.25,338,436,-98,-6.1,-0.3,-6.4,-0.8,-5.6,0
KC,2017,10,6,0,0.625,415,339,76,4.8,-1.3,3.4,3.8,-0.3,1
LAC,2017,9,7,0,0.563,355,272,83,5.2,-1.5,3.6,-0.3,4,0
LV,2017,6,10,0,0.375,301,373,-72,-4.5,-0.2,-4.7,-3,-1.8,0
DEN,2017,5,11,0,0.313,289,382,-93,-5.8,-0.9,-6.7,-3.9,-2.9,0
PHI,2017,13,3,0,0.813,457,295,162,10.1,-0.7,9.4,7,2.5,1
DAL,2017,9,7,0,0.563,354,332,22,1.4,0.2,1.6,0.4,1.2,0
WAS,2017,7,9,0,0.438,342,388,-46,-2.9,1.6,-1.3,0.5,-1.8,0
NYG,2017,3,13,0,0.188,246,388,-142,-8.9,1.3,-7.6,-6.4,-1.2,0
MIN,2017,13,3,0,0.813,382,252,130,8.1,1,9.1,2.3,6.8,1
DET,2017,9,7,0,0.563,410,376,34,2.1,0.6,2.7,5.2,-2.5,0
GB,2017,7,9,0,0.438,320,384,-64,-4,2.1,-1.9,-0.3,-1.6,0
CHI,2017,5,11,0,0.313,264,320,-56,-3.5,2.2,-1.3,-4.6,3.3,0
NO,2017,11,5,0,0.688,448,326,122,7.6,1.5,9.2,7,2.2,1
CAR,2017,11,5,0,0.688,363,327,36,2.3,2.1,4.3,1.7,2.7,1
ATL,2017,10,6,0,0.625,353,315,38,2.4,1.9,4.3,1.1,3.2,1
TB,2017,5,11,0,0.313,335,382,-47,-2.9,1.7,-1.3,0.4,-1.7,0
LAR,2017,11,5,0,0.688,478,329,149,9.3,-0.2,9.2,8.2,1,1
SEA,2017,9,7,0,0.563,366,332,34,2.1,-0.2,1.9,0.7,1.2,0
ARI,2017,8,8,0,0.5,295,361,-66,-4.1,0.4,-3.7,-4,0.2,0
SF,2017,6,10,0,0.375,331,383,-52,-3.3,0.4,-2.9,-0.8,-2.1,0
NE,2016,14,2,0,0.875,441,250,191,11.9,-2.7,9.3,4.3,5,1
MIA,2016,10,6,0,0.625,363,380,-17,-1.1,-1.3,-2.4,-0.6,-1.8,1
BUF,2016,7,9,0,0.438,399,378,21,1.3,-1.6,-0.3,1.8,-2.2,0
NYJ,2016,5,11,0,0.313,275,409,-134,-8.4,-0.1,-8.5,-5.5,-3,0
PIT,2016,11,5,0,0.688,399,327,72,4.5,0.2,4.7,2.8,2,1
BAL,2016,8,8,0,0.5,343,321,22,1.4,0.2,1.5,-1.1,2.6,0
CIN,2016,6,9,1,0.406,325,315,10,0.6,0.4,1,-1.5,2.5,0
CLE,2016,1,15,0,0.063,264,452,-188,-11.8,1.7,-10.1,-5.2,-4.9,0
HOU,2016,9,7,0,0.563,279,328,-49,-3.1,0.4,-2.6,-5.3,2.7,1
TEN,2016,9,7,0,0.563,381,378,3,0.2,-1.2,-1,0.7,-1.7,0
IND,2016,8,8,0,0.5,411,392,19,1.2,-0.8,0.4,3.1,-2.7,0
JAX,2016,3,13,0,0.188,318,400,-82,-5.1,0.2,-5,-2.7,-2.3,0
KC,2016,12,4,0,0.75,389,311,78,4.9,0.7,5.6,1.2,4.4,1
LV,2016,12,4,0,0.75,416,385,31,1.9,1.3,3.3,3.5,-0.3,1
DEN,2016,9,7,0,0.563,333,297,36,2.3,1.8,4,-2,6.1,0
LAC,2016,5,11,0,0.313,410,423,-13,-0.8,0.9,0.1,3,-3,0
DAL,2016,13,3,0,0.813,421,306,115,7.2,-0.2,7,4.1,2.9,1
NYG,2016,11,5,0,0.688,310,284,26,1.6,0.5,2.1,-3.2,5.4,1
WAS,2016,8,7,1,0.531,396,383,13,0.8,1.2,2,3.3,-1.3,0
PHI,2016,7,9,0,0.438,367,331,36,2.3,1.6,3.8,1.3,2.5,0
GB,2016,10,6,0,0.625,432,388,44,2.8,0.1,2.8,4.9,-2,1
DET,2016,9,7,0,0.563,346,358,-12,-0.8,-0.6,-1.4,-1.3,-0.1,1
MIN,2016,8,8,0,0.5,327,307,20,1.3,-0.3,0.9,-2.6,3.6,0
CHI,2016,3,13,0,0.188,279,399,-120,-7.5,0,-7.5,-5.2,-2.3,0
ATL,2016,11,5,0,0.688,540,406,134,8.4,0.1,8.5,10.5,-2,1
TB,2016,9,7,0,0.563,354,369,-15,-0.9,0.7,-0.2,-1.5,1.3,0
NO,2016,7,9,0,0.438,469,454,15,0.9,0.6,1.5,6.8,-5.3,0
CAR,2016,6,10,0,0.375,369,402,-33,-2.1,1.1,-1,-0.2,-0.8,0
SEA,2016,10,5,1,0.656,354,292,62,3.9,-1.7,2.1,-2.4,4.5,1
ARI,2016,7,8,1,0.469,418,362,56,3.5,-1.9,1.6,2.4,-0.8,0
LAR,2016,4,12,0,0.25,224,394,-170,-10.6,-0.5,-11.1,-9.5,-1.6,0
SF,2016,2,14,0,0.125,309,480,-171,-10.7,-0.5,-11.2,-3.7,-7.5,0
NE,2015,12,4,0,0.75,465,315,150,9.4,-2.4,7,5.3,1.7,1
NYJ,2015,10,6,0,0.625,387,314,73,4.6,-3,1.5,-0.5,2,0
BUF,2015,8,8,0,0.5,379,359,20,1.3,-1.2,0,0.3,-0.2,0
MIA,2015,6,10,0,0.375,310,389,-79,-4.9,-1.9,-6.8,-4.7,-2.2,0
CIN,2015,12,4,0,0.75,419,279,140,8.8,1.9,10.6,4.8,5.8,1
PIT,2015,10,6,0,0.625,423,319,104,6.5,2.2,8.7,5.1,3.6,1
BAL,2015,5,11,0,0.313,328,401,-73,-4.6,2.6,-1.9,-0.7,-1.2,0
CLE,2015,3,13,0,0.188,278,432,-154,-9.6,3.5,-6.1,-3.2,-2.9,0
HOU,2015,9,7,0,0.563,339,313,26,1.6,-2.4,-0.8,-3.3,2.6,1
IND,2015,8,8,0,0.5,333,408,-75,-4.7,-2,-6.7,-3.1,-3.6,0
JAX,2015,5,11,0,0.313,376,448,-72,-4.5,-3,-7.5,-0.7,-6.9,0
TEN,2015,3,13,0,0.188,299,423,-124,-7.8,-2.8,-10.5,-5.9,-4.6,0
DEN,2015,12,4,0,0.75,355,296,59,3.7,2.1,5.8,0.3,5.5,1
KC,2015,11,5,0,0.688,405,287,118,7.4,1.6,9,3.7,5.3,1
LV,2015,7,9,0,0.438,359,399,-40,-2.5,2.3,-0.2,1.4,-1.6,0
LAC,2015,4,12,0,0.25,320,398,-78,-4.9,2.2,-2.6,-1.5,-1.1,0
WAS,2015,9,7,0,0.563,388,379,9,0.6,-2.5,-1.9,-0.2,-1.8,1
PHI,2015,7,9,0,0.438,377,430,-53,-3.3,-1.3,-4.6,-0.6,-4,0
NYG,2015,6,10,0,0.375,420,442,-22,-1.4,-2.2,-3.6,2.5,-6.1,0
DAL,2015,4,12,0,0.25,275,374,-99,-6.2,-0.7,-6.9,-7,0.1,0
MIN,2015,11,5,0,0.688,365,302,63,3.9,1.9,5.8,1.1,4.7,1
GB,2015,10,6,0,0.625,368,323,45,2.8,2.5,5.3,2,3.3,1
DET,2015,7,9,0,0.438,358,400,-42,-2.6,2.4,-0.2,1,-1.3,0
CHI,2015,6,10,0,0.375,335,397,-62,-3.9,2.6,-1.3,-0.1,-1.2,0
CAR,2015,15,1,0,0.938,500,308,192,12,-3.9,8.1,6,2.1,1
ATL,2015,8,8,0,0.5,339,345,-6,-0.4,-3.4,-3.8,-4,0.3,0
NO,2015,7,9,0,0.438,408,476,-68,-4.3,-2.3,-6.6,1.1,-7.6,0
TB,2015,6,10,0,0.375,342,417,-75,-4.7,-3,-7.7,-3.5,-4.2,0
ARI,2015,13,3,0,0.813,489,313,176,11,1.3,12.3,9,3.4,1
SEA,2015,10,6,0,0.625,423,277,146,9.1,2.2,11.3,5.4,6,1
LAR,2015,7,9,0,0.438,280,330,-50,-3.1,3,-0.2,-3.8,3.6,0
SF,2015,5,11,0,0.313,238,387,-149,-9.3,3.8,-5.5,-6,0.5,0
NE,2014,12,4,0,0.75,468,313,155,9.7,1.3,10.9,7.5,3.5,1
BUF,2014,9,7,0,0.563,343,289,54,3.4,1.6,4.9,-0.4,5.3,0
MIA,2014,8,8,0,0.5,388,373,15,0.9,1.6,2.6,2.9,-0.4,0
NYJ,2014,4,12,0,0.25,283,401,-118,-7.4,2.3,-5,-4,-1,0
PIT,2014,11,5,0,0.688,436,368,68,4.3,-2,2.2,4.4,-2.1,1
CIN,2014,10,5,1,0.656,365,344,21,1.3,-0.6,0.7,-0.5,1.3,1
BAL,2014,10,6,0,0.625,409,302,107,6.7,-2.1,4.6,1.8,2.8,1
CLE,2014,7,9,0,0.438,299,337,-38,-2.4,-1.5,-3.9,-4.8,0.9,0
IND,2014,11,5,0,0.688,458,369,89,5.6,-1.1,4.4,5.2,-0.8,1
HOU,2014,9,7,0,0.563,372,307,65,4.1,-2.3,1.7,-0.8,2.5,0
JAX,2014,3,13,0,0.188,249,412,-163,-10.2,-0.3,-10.5,-7.8,-2.7,0
TEN,2014,2,14,0,0.125,254,438,-184,-11.5,-0.3,-11.8,-7,-4.9,0
DEN,2014,12,4,0,0.75,482,354,128,8,1.6,9.6,9.2,0.4,1
KC,2014,9,7,0,0.563,353,281,72,4.5,1.2,5.7,0,5.7,0
LAC,2014,9,7,0,0.563,348,348,0,0,1.9,1.9,0.7,1.2,0
LV,2014,3,13,0,0.188,253,452,-199,-12.4,3.4,-9,-4.3,-4.7,0
DAL,2014,12,4,0,0.75,467,352,115,7.2,-1.8,5.4,5.3,0.1,1
PHI,2014,10,6,0,0.625,474,400,74,4.6,-0.7,3.9,6.6,-2.7,0
NYG,2014,6,10,0,0.375,380,400,-20,-1.3,-0.4,-1.7,0.8,-2.5,0
WAS,2014,4,12,0,0.25,301,438,-137,-8.6,-0.2,-8.7,-4,-4.7,0
GB,2014,12,4,0,0.75,486,348,138,8.6,-0.3,8.3,7.9,0.4,1
DET,2014,11,5,0,0.688,321,282,39,2.4,-0.4,2.1,-3.2,5.2,1
MIN,2014,7,9,0,0.438,325,343,-18,-1.1,-0.5,-1.7,-2.8,1.1,0
CHI,2014,5,11,0,0.313,319,442,-123,-7.7,1,-6.7,-2,-4.7,0
CAR,2014,7,8,1,0.469,339,374,-35,-2.2,-0.9,-3.1,-2.4,-0.7,1
NO,2014,7,9,0,0.438,401,424,-23,-1.4,-1.5,-2.9,1.9,-4.8,0
ATL,2014,6,10,0,0.375,381,417,-36,-2.3,-1.6,-3.8,0.6,-4.4,0
TB,2014,2,14,0,0.125,277,410,-133,-8.3,-1.5,-9.8,-6.5,-3.3,0
SEA,2014,12,4,0,0.75,394,254,140,8.8,0.8,9.5,2.4,7.1,1
ARI,2014,11,5,0,0.688,310,299,11,0.7,1.3,2,-2.4,4.4,1
SF,2014,8,8,0,0.5,306,340,-34,-2.1,1.2,-1,-3,2.1,0
LAR,2014,6,10,0,0.375,324,354,-30,-1.9,1,-0.8,-1.2,0.4,0
NE,2013,12,4,0,0.75,444,338,106,6.6,-0.7,5.9,4.5,1.4,1
NYJ,2013,8,8,0,0.5,290,387,-97,-6.1,0,-6.1,-4.7,-1.4,0
MIA,2013,8,8,0,0.5,317,335,-18,-1.1,0.3,-0.8,-2.9,2.1,0
BUF,2013,6,10,0,0.375,339,388,-49,-3.1,-0.1,-3.2,-1.3,-1.9,0
CIN,2013,11,5,0,0.688,430,305,125,7.8,-2.5,5.4,2.3,3,1
PIT,2013,8,8,0,0.5,379,370,9,0.6,-2.5,-2,-0.9,-1,0
BAL,2013,8,8,0,0.5,320,352,-32,-2,-1.5,-3.5,-5,1.4,0
CLE,2013,4,12,0,0.25,308,406,-98,-6.1,-1.6,-7.7,-4.8,-2.9,0
IND,2013,11,5,0,0.688,391,336,55,3.4,0.6,4,1.7,2.3,1
TEN,2013,7,9,0,0.438,362,381,-19,-1.2,0.4,-0.8,-0.2,-0.6,0
JAX,2013,4,12,0,0.25,247,449,-202,-12.6,1.5,-11.1,-7.1,-4,0
HOU,2013,2,14,0,0.125,276,428,-152,-9.5,1.9,-7.6,-5,-2.6,0
DEN,2013,13,3,0,0.813,606,399,207,12.9,-1.6,11.4,14.1,-2.7,1
KC,2013,11,5,0,0.688,430,305,125,7.8,-1.7,6.1,1.7,4.3,1
LAC,2013,9,7,0,0.563,396,348,48,3,-0.3,2.7,0.5,2.1,1
LV,2013,4,12,0,0.25,322,453,-131,-8.2,0.2,-8,-3.8,-4.2,0
PHI,2013,10,6,0,0.625,442,382,60,3.8,-1.9,1.9,2.3,-0.5,1
DAL,2013,8,8,0,0.5,439,432,7,0.4,-1.1,-0.7,2.7,-3.4,0
NYG,2013,7,9,0,0.438,294,383,-89,-5.6,0.2,-5.4,-6.2,0.8,0
WAS,2013,3,13,0,0.188,334,478,-144,-9,-0.3,-9.3,-3.9,-5.4,0
GB,2013,8,7,1,0.531,417,428,-11,-0.7,-2.4,-3.1,0.5,-3.6,1
CHI,2013,8,8,0,0.5,445,478,-33,-2.1,-2.1,-4.1,3,-7.1,0
DET,2013,7,9,0,0.438,395,376,19,1.2,-2.8,-1.6,-1.2,-0.5,0
MIN,2013,5,10,1,0.344,391,480,-89,-5.6,-1.1,-6.6,0.2,-6.9,0
CAR,2013,12,4,0,0.75,366,241,125,7.8,1.4,9.2,0.6,8.6,1
NO,2013,11,5,0,0.688,414,304,110,6.9,1.9,8.8,3.8,5,1
ATL,2013,4,12,0,0.25,353,443,-90,-5.6,2.9,-2.8,1.2,-3.9,0
TB,2013,4,12,0,0.25,288,389,-101,-6.3,3.6,-2.7,-2.9,0.3,0
SEA,2013,13,3,0,0.813,417,231,186,11.6,1.4,13,4.1,8.9,1
SF,2013,12,4,0,0.75,406,272,134,8.4,1.8,10.1,3.5,6.6,1
ARI,2013,10,6,0,0.625,379,324,55,3.4,3,6.4,2.7,3.7,0
LAR,2013,7,9,0,0.438,348,364,-16,-1,3.2,2.2,0.4,1.8,0
NE,2012,12,4,0,0.75,557,331,226,14.1,-1.4,12.8,12.2,0.5,1
MIA,2012,7,9,0,0.438,288,317,-29,-1.8,-0.8,-2.6,-5.5,2.9,0
NYJ,2012,6,10,0,0.375,281,375,-94,-5.9,0,-5.9,-5.1,-0.9,0
BUF,2012,6,10,0,0.375,344,435,-91,-5.7,-1,-6.7,-0.9,-5.8,0
BAL,2012,10,6,0,0.625,398,344,54,3.4,-0.5,2.9,1.9,1,1
CIN,2012,10,6,0,0.625,391,320,71,4.4,-2.4,2.1,1.2,0.9,1
PIT,2012,8,8,0,0.5,336,314,22,1.4,-2,-0.7,-2.8,2.1,0
CLE,2012,5,11,0,0.313,302,368,-66,-4.1,-1.2,-5.3,-4.6,-0.7,0
HOU,2012,12,4,0,0.75,416,331,85,5.3,-1.8,3.5,1.8,1.7,1
IND,2012,11,5,0,0.688,357,387,-30,-1.9,-2.8,-4.7,-1.9,-2.8,1
TEN,2012,6,10,0,0.375,330,471,-141,-8.8,-1.2,-10,-2.6,-7.4,0
JAX,2012,2,14,0,0.125,255,444,-189,-11.8,-1.1,-13,-8.1,-4.9,0
DEN,2012,13,3,0,0.813,481,289,192,12,-1.9,10.1,6.3,3.8,1
LAC,2012,7,9,0,0.438,350,350,0,0,-2.3,-2.3,-2,-0.4,0
LV,2012,4,12,0,0.25,290,443,-153,-9.6,-1.3,-10.8,-4.6,-6.2,0
KC,2012,2,14,0,0.125,211,425,-214,-13.4,-0.6,-14,-10.3,-3.7,0
WAS,2012,10,6,0,0.625,436,388,48,3,0.4,3.4,4.6,-1.2,1
NYG,2012,9,7,0,0.563,429,344,85,5.3,0.9,6.2,4,2.2,0
DAL,2012,8,8,0,0.5,376,400,-24,-1.5,1.8,0.3,1.4,-1.2,0
PHI,2012,4,12,0,0.25,280,444,-164,-10.3,1.4,-8.9,-5.3,-3.6,0
GB,2012,11,5,0,0.688,433,336,97,6.1,1.2,7.3,4.9,2.4,1
MIN,2012,10,6,0,0.625,379,348,31,1.9,1.4,3.4,1.6,1.8,1
CHI,2012,10,6,0,0.625,375,277,98,6.1,0.8,6.9,1,6,0
DET,2012,4,12,0,0.25,372,437,-65,-4.1,1.8,-2.3,2.1,-4.4,0
ATL,2012,13,3,0,0.813,419,299,120,7.5,-1.1,6.4,2,4.5,1
CAR,2012,7,9,0,0.438,357,363,-6,-0.4,1.2,0.8,-0.5,1.3,0
NO,2012,7,9,0,0.438,461,454,7,0.4,1,1.4,6.5,-5.1,0
TB,2012,7,9,0,0.438,389,394,-5,-0.3,0.3,0,1.3,-1.3,0
SF,2012,11,4,1,0.719,397,273,124,7.8,2.5,10.2,3.5,6.7,1
SEA,2012,11,5,0,0.688,412,245,167,10.4,1.8,12.2,4.5,7.7,1
LAR,2012,7,8,1,0.469,299,348,-49,-3.1,3.4,0.4,-2.1,2.4,0
ARI,2012,5,11,0,0.313,250,357,-107,-6.7,3.5,-3.2,-4.8,1.6,0
NE,2011,13,3,0,0.813,513,342,171,10.7,-1.4,9.3,9.4,-0.1,1
NYJ,2011,8,8,0,0.5,377,363,14,0.9,0,0.9,1.2,-0.3,0
MIA,2011,6,10,0,0.375,329,313,16,1,-0.1,0.9,-2.2,3.2,0
BUF,2011,6,10,0,0.375,372,434,-62,-3.9,0.5,-3.4,1.2,-4.5,0
BAL,2011,12,4,0,0.75,378,266,112,7,-0.9,6.1,2.6,3.5,1
PIT,2011,12,4,0,0.75,325,227,98,6.1,-0.8,5.3,-0.8,6,1
CIN,2011,9,7,0,0.563,344,323,21,1.3,-0.9,0.5,0.7,-0.2,1
CLE,2011,4,12,0,0.25,218,307,-89,-5.6,0.2,-5.4,-7.2,1.8,0
HOU,2011,10,6,0,0.625,381,278,103,6.4,-1.9,4.5,1.4,3.2,1
TEN,2011,9,7,0,0.563,325,317,8,0.5,-1.5,-1,-2.2,1.2,0
JAX,2011,5,11,0,0.313,243,329,-86,-5.4,-0.3,-5.6,-7.1,1.4,0
IND,2011,2,14,0,0.125,243,430,-187,-11.7,0.4,-11.3,-6,-5.3,0
DEN,2011,8,8,0,0.5,309,390,-81,-5.1,-0.2,-5.3,-3.6,-1.7,1
LAC,2011,8,8,0,0.5,406,377,29,1.8,-0.9,0.9,2.7,-1.8,0
LV,2011,8,8,0,0.5,359,433,-74,-4.6,-0.3,-4.9,0.2,-5.1,0
KC,2011,7,9,0,0.438,212,338,-126,-7.9,-0.2,-8.1,-10.2,2.1,0
NYG,2011,9,7,0,0.563,394,400,-6,-0.4,2,1.6,3.1,-1.5,1
PHI,2011,8,8,0,0.5,396,328,68,4.3,0.5,4.7,3.1,1.7,0
DAL,2011,8,8,0,0.5,369,347,22,1.4,0.3,1.6,0.7,0.9,0
WAS,2011,5,11,0,0.313,288,367,-79,-4.9,0.8,-4.1,-4.3,0.2,0
GB,2011,15,1,0,0.938,560,359,201,12.6,-1.2,11.4,11.5,-0.1,1
DET,2011,10,6,0,0.625,474,387,87,5.4,0.6,6.1,6.9,-0.8,1
CHI,2011,8,8,0,0.5,353,341,12,0.8,0.9,1.7,-1.5,3.1,0
MIN,2011,3,13,0,0.188,340,449,-109,-6.8,1.1,-5.7,-1.6,-4.1,0
NO,2011,13,3,0,0.813,547,339,208,13,-1.6,11.4,10.6,0.8,1
ATL,2011,10,6,0,0.625,402,350,52,3.3,0.3,3.5,1.8,1.7,1
CAR,2011,6,10,0,0.375,406,429,-23,-1.4,0.1,-1.3,2.6,-3.9,0
TB,2011,4,12,0,0.25,287,494,-207,-12.9,2.3,-10.6,-4,-6.6,0
SF,2011,13,3,0,0.813,380,229,151,9.4,-1.1,8.3,1.7,6.6,1
ARI,2011,8,8,0,0.5,312,348,-36,-2.3,0,-2.2,-1.7,-0.5,0
SEA,2011,7,9,0,0.438,321,315,6,0.4,0.4,0.8,-0.5,1.3,0
LAR,2011,2,14,0,0.125,193,407,-214,-13.4,2.9,-10.4,-8.4,-2.1,0
NE,2010,14,2,0,0.875,518,313,205,12.8,2.6,15.4,12.6,2.8,1
NYJ,2010,11,5,0,0.688,367,304,63,3.9,2.5,6.5,2.2,4.2,1
MIA,2010,7,9,0,0.438,273,333,-60,-3.8,4.1,0.3,-2.8,3.1,0
BUF,2010,4,12,0,0.25,283,425,-142,-8.9,4.3,-4.6,-1.5,-3.1,0
PIT,2010,12,4,0,0.75,375,232,143,8.9,1.3,10.2,2.5,7.7,1
BAL,2010,12,4,0,0.75,357,270,87,5.4,1,6.4,0.9,5.5,1
CLE,2010,5,11,0,0.313,271,332,-61,-3.8,2.3,-1.5,-3.4,2,0
CIN,2010,4,12,0,0.25,322,395,-73,-4.6,3.1,-1.4,0.4,-1.9,0
IND,2010,10,6,0,0.625,435,388,47,2.9,-0.1,2.9,3.7,-0.9,1
JAX,2010,8,8,0,0.5,353,419,-66,-4.1,-0.4,-4.5,-1.2,-3.3,0
HOU,2010,6,10,0,0.375,390,427,-37,-2.3,0.5,-1.8,1.8,-3.7,0
TEN,2010,6,10,0,0.375,356,339,17,1.1,0,1,-0.9,1.9,0
KC,2010,10,6,0,0.625,366,326,40,2.5,-3.2,-0.7,-1.5,0.8,1
LAC,2010,9,7,0,0.563,441,322,119,7.4,-2.6,4.8,3.2,1.6,0
LV,2010,8,8,0,0.5,410,371,39,2.4,-2.3,0.2,2.3,-2.2,0
DEN,2010,4,12,0,0.25,344,471,-127,-7.9,-1,-8.9,-1.1,-7.8,0
PHI,2010,10,6,0,0.625,439,377,62,3.9,0.3,4.2,5.4,-1.2,1
NYG,2010,10,6,0,0.625,394,347,47,2.9,-0.8,2.1,1.7,0.4,0
DAL,2010,6,10,0,0.375,394,436,-42,-2.6,0.5,-2.2,2.5,-4.7,0
WAS,2010,6,10,0,0.375,302,377,-75,-4.7,0.9,-3.8,-3.4,-0.5,0
CHI,2010,11,5,0,0.688,334,286,48,3,1.1,4.1,-0.6,4.7,1
GB,2010,10,6,0,0.625,388,240,148,9.3,1.7,10.9,3.1,7.9,1
DET,2010,6,10,0,0.375,362,369,-7,-0.4,2.3,1.9,2.4,-0.5,0
MIN,2010,6,10,0,0.375,281,348,-67,-4.2,2.6,-1.6,-3.3,1.7,0
ATL,2010,13,3,0,0.813,414,288,126,7.9,-1.8,6.1,3.8,2.2,1
NO,2010,11,5,0,0.688,384,307,77,4.8,-2.5,2.3,1.5,0.8,1
TB,2010,10,6,0,0.625,341,318,23,1.4,-2,-0.6,-1,0.4,0
CAR,2010,2,14,0,0.125,196,408,-212,-13.3,0.1,-13.2,-9.1,-4.1,0
SEA,2010,7,9,0,0.438,310,407,-97,-6.1,-3.4,-9.4,-3.9,-5.5,1
LAR,2010,7,9,0,0.438,289,328,-39,-2.4,-4.2,-6.7,-6.3,-0.4,0
SF,2010,6,10,0,0.375,305,346,-41,-2.6,-3.3,-5.8,-4.7,-1.1,0
ARI,2010,5,11,0,0.313,289,434,-145,-9.1,-3.6,-12.7,-5.6,-7.1,0
NE,2009,10,6,0,0.625,427,285,142,8.9,2.3,11.2,6.7,4.5,1
NYJ,2009,9,7,0,0.563,348,236,112,7,1.6,8.6,1.1,7.5,1
MIA,2009,7,9,0,0.438,360,390,-30,-1.9,3.6,1.7,2.9,-1.2,0
BUF,2009,6,10,0,0.375,258,326,-68,-4.3,2.4,-1.8,-4.5,2.7,0
CIN,2009,10,6,0,0.625,305,291,14,0.9,-0.2,0.7,-2.5,3.2,1
BAL,2009,9,7,0,0.563,391,261,130,8.1,-0.7,7.5,2.6,4.9,1
PIT,2009,9,7,0,0.563,368,324,44,2.8,-1.1,1.7,1,0.7,0
CLE,2009,5,11,0,0.313,245,375,-130,-8.1,-0.3,-8.4,-6,-2.4,0
IND,2009,14,2,0,0.875,416,307,109,6.8,-0.9,5.9,4.4,1.5,1
HOU,2009,9,7,0,0.563,388,333,55,3.4,-1.5,2,2.7,-0.7,0
TEN,2009,8,8,0,0.5,354,402,-48,-3,0.2,-2.8,0.9,-3.6,0
JAX,2009,7,9,0,0.438,290,380,-90,-5.6,-0.9,-6.5,-3.8,-2.6,0
LAC,2009,13,3,0,0.813,454,320,134,8.4,-1.7,6.6,6.4,0.2,1
DEN,2009,8,8,0,0.5,326,324,2,0.1,0.2,0.3,-1,1.3,0
LV,2009,5,11,0,0.313,197,379,-182,-11.4,1.1,-10.3,-8.7,-1.6,0
KC,2009,4,12,0,0.25,294,424,-130,-8.1,-0.3,-8.4,-2.5,-5.9,0
DAL,2009,11,5,0,0.688,361,250,111,6.9,0.2,7.1,0.4,6.7,1
PHI,2009,11,5,0,0.688,429,337,92,5.8,0.2,6,5.8,0.2,1
NYG,2009,8,8,0,0.5,402,427,-25,-1.6,1.6,0.1,4.6,-4.5,0
WAS,2009,4,12,0,0.25,266,336,-70,-4.4,-0.2,-4.6,-5.5,1,0
MIN,2009,12,4,0,0.75,470,312,158,9.9,-2.7,7.2,6.6,0.6,1
GB,2009,11,5,0,0.688,461,297,164,10.3,-2.9,7.4,6.3,1.1,1
CHI,2009,7,9,0,0.438,327,375,-48,-3,-0.9,-3.9,-1.9,-2,0
DET,2009,2,14,0,0.125,262,494,-232,-14.5,0.1,-14.4,-5.2,-9.2,0
NO,2009,13,3,0,0.813,510,341,169,10.6,0.2,10.8,11.2,-0.5,1
ATL,2009,9,7,0,0.563,363,325,38,2.4,2.7,5,2.7,2.3,0
CAR,2009,8,8,0,0.5,315,308,7,0.4,3.5,3.9,-0.6,4.5,0
TB,2009,3,13,0,0.188,244,400,-156,-9.8,4.1,-5.6,-4.6,-1.1,0
ARI,2009,10,6,0,0.625,375,325,50,3.1,-3.4,-0.3,0.1,-0.4,1
SF,2009,8,8,0,0.5,330,281,49,3.1,-3,0.1,-2.9,3,0
SEA,2009,5,11,0,0.313,280,390,-110,-6.9,-2.4,-9.3,-5,-4.4,0
LAR,2009,1,15,0,0.063,175,436,-261,-16.3,-1.1,-17.4,-11.7,-5.8,0
MIA,2008,11,5,0,0.688,345,317,28,1.8,-2.3,-0.5,-2.4,1.8,1
NE,2008,11,5,0,0.688,410,309,101,6.3,-2.4,3.9,2.3,1.6,0
NYJ,2008,9,7,0,0.563,405,356,49,3.1,-2.8,0.2,2.2,-1.9,0
BUF,2008,7,9,0,0.438,336,342,-6,-0.4,-3,-3.3,-2.8,-0.6,0
PIT,2008,12,4,0,0.75,347,223,124,7.8,2,9.8,1.6,8.2,1
BAL,2008,11,5,0,0.688,385,244,141,8.8,1,9.8,4.2,5.6,1
CIN,2008,4,11,1,0.281,204,364,-160,-10,3,-7,-6.9,-0.1,0
CLE,2008,4,12,0,0.25,232,350,-118,-7.4,2.7,-4.6,-5.2,0.6,0
TEN,2008,13,3,0,0.813,375,234,141,8.8,0.1,8.9,1.5,7.5,1
IND,2008,12,4,0,0.75,377,298,79,4.9,1.6,6.5,2.6,3.9,1
HOU,2008,8,8,0,0.5,366,394,-28,-1.8,1.4,-0.4,2.8,-3.2,0
JAX,2008,5,11,0,0.313,302,367,-65,-4.1,1.6,-2.5,-2.1,-0.4,0
LAC,2008,8,8,0,0.5,439,347,92,5.8,-0.8,5,5,0,1
DEN,2008,8,8,0,0.5,370,448,-78,-4.9,-0.9,-5.8,0.7,-6.5,0
LV,2008,5,11,0,0.313,263,388,-125,-7.8,0.3,-7.5,-6.5,-1,0
KC,2008,2,14,0,0.125,291,440,-149,-9.3,0.1,-9.2,-3.9,-5.3,0
NYG,2008,12,4,0,0.75,427,294,133,8.3,0.1,8.4,5.5,2.8,1
PHI,2008,9,6,1,0.594,416,289,127,7.9,-0.1,7.8,4.7,3.2,1
DAL,2008,9,7,0,0.563,362,365,-3,-0.2,0.8,0.6,1.7,-1.2,0
WAS,2008,8,8,0,0.5,265,296,-31,-1.9,0.2,-1.8,-5.8,4.1,0
MIN,2008,10,6,0,0.625,379,333,46,2.9,1.2,4,1.1,2.9,1
CHI,2008,9,7,0,0.563,375,350,25,1.6,0.5,2.1,1.1,1,0
GB,2008,6,10,0,0.375,419,380,39,2.4,0.5,2.9,4.1,-1.2,0
DET,2008,0,16,0,0,268,517,-249,-15.6,2.5,-13.1,-4,-9.1,0
CAR,2008,12,4,0,0.75,414,329,85,5.3,0.3,5.6,2.8,2.9,1
ATL,2008,11,5,0,0.688,391,325,66,4.1,-0.3,3.8,1.3,2.5,1
TB,2008,9,7,0,0.563,361,323,38,2.4,-0.1,2.3,-0.6,2.9,0
NO,2008,8,8,0,0.5,463,393,70,4.4,-0.3,4,6.8,-2.8,0
ARI,2008,9,7,0,0.563,427,426,1,0.1,-1.9,-1.9,4.1,-6,1
SF,2008,7,9,0,0.438,339,381,-42,-2.6,-2.7,-5.3,-2.9,-2.4,0
SEA,2008,4,12,0,0.25,294,392,-98,-6.1,-1.5,-7.6,-4.9,-2.8,0
LAR,2008,2,14,0,0.125,232,465,-233,-14.6,-0.5,-15.1,-8.1,-7,0
NE,2007,16,0,0,1,589,274,315,19.7,0.4,20.1,15.9,4.2,1
BUF,2007,7,9,0,0.438,252,354,-102,-6.4,2.3,-4.1,-5.6,1.5,0
NYJ,2007,4,12,0,0.25,268,355,-87,-5.4,1.7,-3.7,-4,0.3,0
MIA,2007,1,15,0,0.063,267,437,-170,-10.6,2.3,-8.4,-4.1,-4.2,0
PIT,2007,10,6,0,0.625,393,269,124,7.8,-2.5,5.2,0.9,4.3,1
CLE,2007,10,6,0,0.625,402,382,20,1.3,-2.3,-1.1,2.2,-3.3,0
CIN,2007,7,9,0,0.438,380,385,-5,-0.3,-2.1,-2.4,1.6,-4,0
BAL,2007,5,11,0,0.313,275,384,-109,-6.8,0.1,-6.7,-5,-1.8,0
IND,2007,13,3,0,0.813,450,262,188,11.8,0.3,12,6.6,5.4,1
JAX,2007,11,5,0,0.688,411,304,107,6.7,0.1,6.8,4.8,2,1
TEN,2007,10,6,0,0.625,301,297,4,0.3,0.5,0.7,-2.9,3.6,1
HOU,2007,8,8,0,0.5,379,384,-5,-0.3,0.3,0,2.5,-2.5,0
LAC,2007,11,5,0,0.688,412,284,128,8,0.8,8.8,4.3,4.5,1
DEN,2007,7,9,0,0.438,320,409,-89,-5.6,1.6,-3.9,-0.2,-3.8,0
KC,2007,4,12,0,0.25,226,335,-109,-6.8,1.4,-5.5,-7.4,1.9,0
LV,2007,4,12,0,0.25,283,398,-115,-7.2,1.2,-6,-3.5,-2.5,0
DAL,2007,13,3,0,0.813,455,325,130,8.1,1.3,9.5,7.8,1.7,1
NYG,2007,10,6,0,0.625,373,351,22,1.4,1.9,3.3,2.8,0.4,1
WAS,2007,9,7,0,0.563,334,310,24,1.5,3,4.5,0.2,4.3,1
PHI,2007,8,8,0,0.5,336,300,36,2.3,3,5.3,0.1,5.1,0
GB,2007,13,3,0,0.813,435,291,144,9,0,9,5.7,3.3,1
MIN,2007,8,8,0,0.5,365,311,54,3.4,0.4,3.8,1.4,2.4,0
DET,2007,7,9,0,0.438,346,444,-98,-6.1,2.6,-3.6,1.4,-5,0
CHI,2007,7,9,0,0.438,334,348,-14,-0.9,2.1,1.2,-0.2,1.4,0
TB,2007,9,7,0,0.563,334,270,64,4,-2.8,1.2,-2.3,3.6,1
CAR,2007,7,9,0,0.438,267,347,-80,-5,-0.8,-5.8,-5.7,-0.1,0
NO,2007,7,9,0,0.438,379,388,-9,-0.6,-2,-2.5,1.9,-4.5,0
ATL,2007,4,12,0,0.25,259,414,-155,-9.7,-0.9,-10.6,-5.8,-4.8,0
SEA,2007,10,6,0,0.625,393,291,102,6.4,-4.6,1.8,0.8,0.9,1
ARI,2007,8,8,0,0.5,404,399,5,0.3,-4.3,-3.9,1.9,-5.9,0
SF,2007,5,11,0,0.313,219,364,-145,-9.1,-2.9,-11.9,-9.9,-2,0
LAR,2007,3,13,0,0.188,263,438,-175,-10.9,-2,-13,-6.5,-6.5,0
NE,2006,12,4,0,0.75,385,237,148,9.3,1,10.2,4.3,5.9,1
NYJ,2006,10,6,0,0.625,316,295,21,1.3,0.7,2,0.4,1.7,1
BUF,2006,7,9,0,0.438,300,311,-11,-0.7,2.9,2.2,-0.2,2.4,0
MIA,2006,6,10,0,0.375,260,283,-23,-1.4,2.1,0.7,-3.3,4,0
BAL,2006,13,3,0,0.813,353,201,152,9.5,-0.2,9.3,1.5,7.8,1
CIN,2006,8,8,0,0.5,373,331,42,2.6,1.5,4.1,4,0,0
PIT,2006,8,8,0,0.5,353,315,38,2.4,1,3.4,3,0.4,0
CLE,2006,4,12,0,0.25,238,356,-118,-7.4,1.5,-5.8,-4.5,-1.3,0
IND,2006,12,4,0,0.75,427,360,67,4.2,1.7,5.9,6.9,-1.1,1
TEN,2006,8,8,0,0.5,324,400,-76,-4.8,3.5,-1.3,1,-2.3,0
JAX,2006,8,8,0,0.5,371,274,97,6.1,1.4,7.5,2.6,4.9,0
HOU,2006,6,10,0,0.375,267,366,-99,-6.2,1.7,-4.5,-3.2,-1.3,0
LAC,2006,14,2,0,0.875,492,303,189,11.8,-1.6,10.2,10,0.2,1
KC,2006,9,7,0,0.563,331,315,16,1,0,1,0.4,0.6,1
DEN,2006,9,7,0,0.563,319,305,14,0.9,0.4,1.3,-0.8,2.1,0
LV,2006,2,14,0,0.125,168,332,-164,-10.3,0.6,-9.6,-10.3,0.7,0
PHI,2006,10,6,0,0.625,398,328,70,4.4,-1,3.4,3.2,0.2,1
DAL,2006,9,7,0,0.563,425,350,75,4.7,-1,3.7,5,-1.3,1
NYG,2006,8,8,0,0.5,355,362,-7,-0.4,0.5,0.1,1.2,-1.1,1
WAS,2006,5,11,0,0.313,307,376,-69,-4.3,0.3,-4,-2.1,-2,0
CHI,2006,13,3,0,0.813,427,255,172,10.8,-2.9,7.9,4.9,3,1
GB,2006,8,8,0,0.5,301,366,-65,-4.1,-0.4,-4.4,-2.3,-2.1,0
MIN,2006,6,10,0,0.375,282,327,-45,-2.8,-1.3,-4.1,-3.7,-0.4,0
DET,2006,3,13,0,0.188,305,398,-93,-5.8,-0.5,-6.4,-1.8,-4.6,0
NO,2006,10,6,0,0.625,413,322,91,5.7,-1.6,4,4.9,-0.9,1
CAR,2006,8,8,0,0.5,270,305,-35,-2.2,-0.5,-2.7,-4.2,1.5,0
ATL,2006,7,9,0,0.438,292,328,-36,-2.3,-0.8,-3,-2.8,-0.2,0
TB,2006,4,12,0,0.25,211,353,-142,-8.9,0.9,-7.9,-7.2,-0.8,0
SEA,2006,9,7,0,0.563,335,341,-6,-0.4,-3.2,-3.6,-1.7,-1.9,1
LAR,2006,8,8,0,0.5,367,381,-14,-0.9,-3.1,-4,0.8,-4.7,0
SF,2006,7,9,0,0.438,298,412,-114,-7.1,-1.6,-8.7,-3.5,-5.2,0
ARI,2006,5,11,0,0.313,314,389,-75,-4.7,-2.2,-6.9,-2.6,-4.3,0
NE,2005,10,6,0,0.625,379,338,41,2.6,0.6,3.1,3.7,-0.5,1
MIA,2005,9,7,0,0.563,318,317,1,0.1,-0.8,-0.8,-1.1,0.3,0
BUF,2005,5,11,0,0.313,271,367,-96,-6,0.2,-5.8,-4,-1.8,0
NYJ,2005,4,12,0,0.25,240,355,-115,-7.2,0.8,-6.4,-5.2,-1.2,0
CIN,2005,11,5,0,0.688,421,350,71,4.4,-0.6,3.8,6.5,-2.7,1
PIT,2005,11,5,0,0.688,389,258,131,8.2,-0.4,7.8,3.8,4,1
BAL,2005,6,10,0,0.375,265,299,-34,-2.1,0.3,-1.8,-3.5,1.7,0
CLE,2005,6,10,0,0.375,232,301,-69,-4.3,0.1,-4.2,-6,1.7,0
IND,2005,14,2,0,0.875,439,247,192,12,-1.2,10.8,5.6,5.2,1
JAX,2005,12,4,0,0.75,361,269,92,5.8,-1,4.8,1.1,3.7,1
TEN,2005,4,12,0,0.25,299,421,-122,-7.6,0.1,-7.6,-2,-5.5,0
HOU,2005,2,14,0,0.125,260,431,-171,-10.7,0.7,-10,-4.4,-5.7,0
DEN,2005,13,3,0,0.813,395,258,137,8.6,2.2,10.8,5,5.8,1
KC,2005,10,6,0,0.625,403,325,78,4.9,2.1,7,5.1,1.9,0
LAC,2005,9,7,0,0.563,418,312,106,6.6,3.3,9.9,7.1,2.9,0
LV,2005,4,12,0,0.25,290,383,-93,-5.8,3,-2.8,-1.2,-1.6,0
NYG,2005,11,5,0,0.688,422,314,108,6.8,0.7,7.5,5.8,1.7,1
WAS,2005,10,6,0,0.625,359,293,66,4.1,1.9,6,2.6,3.4,1
DAL,2005,9,7,0,0.563,325,308,17,1.1,2.1,3.2,-0.1,3.2,0
PHI,2005,6,10,0,0.375,310,388,-78,-4.9,2.6,-2.3,-0.7,-1.7,0
CHI,2005,11,5,0,0.688,260,202,58,3.6,-2.2,1.4,-5.2,6.6,1
MIN,2005,9,7,0,0.563,306,344,-38,-2.4,-1.1,-3.5,-1.4,-2.1,0
DET,2005,5,11,0,0.313,254,345,-91,-5.7,-1,-6.7,-4.3,-2.4,0
GB,2005,4,12,0,0.25,298,344,-46,-2.9,-0.8,-3.7,-1.5,-2.2,0
TB,2005,11,5,0,0.688,300,274,26,1.6,-2.6,-1,-2.8,1.8,1
CAR,2005,11,5,0,0.688,391,259,132,8.3,-3.2,5.1,3,2.1,1
ATL,2005,8,8,0,0.5,351,341,10,0.6,-1.9,-1.2,1.1,-2.3,0
NO,2005,3,13,0,0.188,235,398,-163,-10.2,-0.9,-11.1,-6.2,-4.9,0
SEA,2005,13,3,0,0.813,452,271,181,11.3,-2.2,9.1,5.8,3.4,1
LAR,2005,6,10,0,0.375,363,429,-66,-4.1,-1,-5.1,1.3,-6.4,0
ARI,2005,5,11,0,0.313,311,387,-76,-4.8,-0.2,-5,-2,-3,0
SF,2005,4,12,0,0.25,239,428,-189,-11.8,0.7,-11.1,-5.6,-5.5,0
NE,2004,14,2,0,0.875,437,260,177,11.1,1.8,12.8,6.4,6.5,1
NYJ,2004,10,6,0,0.625,333,261,72,4.5,2.1,6.6,0.5,6,1
BUF,2004,9,7,0,0.563,395,284,111,6.9,1.1,8.1,4.6,3.5,0
MIA,2004,4,12,0,0.25,275,354,-79,-4.9,2.7,-2.2,-2.7,0.5,0
PIT,2004,15,1,0,0.938,372,251,121,7.6,1.4,9,3.4,5.6,1
BAL,2004,9,7,0,0.563,317,268,49,3.1,3.1,6.1,-0.6,6.8,0
CIN,2004,8,8,0,0.5,374,372,2,0.1,2.5,2.7,4.3,-1.6,0
CLE,2004,4,12,0,0.25,276,390,-114,-7.1,3.7,-3.4,-1.5,-1.9,0
IND,2004,12,4,0,0.75,522,351,171,10.7,0.7,11.4,11.7,-0.3,1
JAX,2004,9,7,0,0.563,261,280,-19,-1.2,1.9,0.8,-5.7,6.4,0
HOU,2004,7,9,0,0.438,309,339,-30,-1.9,1.2,-0.6,-2.4,1.8,0
TEN,2004,5,11,0,0.313,344,439,-95,-5.9,1.5,-4.4,0.3,-4.6,0
LAC,2004,12,4,0,0.75,446,313,133,8.3,0.8,9.1,6.1,3,1
DEN,2004,10,6,0,0.625,381,304,77,4.8,1,5.9,1.6,4.3,1
KC,2004,7,9,0,0.438,483,435,48,3,2.3,5.3,10,-4.7,0
LV,2004,5,11,0,0.313,320,442,-122,-7.6,3.4,-4.3,-0.6,-3.7,0
PHI,2004,13,3,0,0.813,386,260,126,7.9,-2.3,5.6,2,3.5,1
NYG,2004,6,10,0,0.375,303,347,-44,-2.8,-1.2,-3.9,-2.3,-1.6,0
DAL,2004,6,10,0,0.375,293,405,-112,-7,-0.8,-7.8,-3,-4.8,0
WAS,2004,6,10,0,0.375,240,265,-25,-1.6,-1.8,-3.4,-7.4,4,0
GB,2004,10,6,0,0.625,424,380,44,2.8,-2.4,0.3,4.3,-4,1
MIN,2004,8,8,0,0.5,405,395,10,0.6,-2.3,-1.7,3,-4.7,1
DET,2004,6,10,0,0.375,296,350,-54,-3.4,-1.8,-5.2,-3.8,-1.4,0
CHI,2004,5,11,0,0.313,231,331,-100,-6.3,-2,-8.2,-8.5,0.3,0
ATL,2004,11,5,0,0.688,340,337,3,0.2,-2.4,-2.2,-1.8,-0.4,1
NO,2004,8,8,0,0.5,348,405,-57,-3.6,-2,-5.6,-1.2,-4.3,0
CAR,2004,7,9,0,0.438,355,339,16,1,-1.7,-0.7,-0.8,0.1,0
TB,2004,5,11,0,0.313,301,304,-3,-0.2,-2.5,-2.7,-4,1.3,0
SEA,2004,9,7,0,0.563,371,373,-2,-0.1,-2.8,-2.9,0.4,-3.3,1
LAR,2004,8,8,0,0.5,319,392,-73,-4.6,-1.4,-6,-2.2,-3.8,1
ARI,2004,6,10,0,0.375,284,322,-38,-2.4,-2.5,-4.9,-5.1,0.2,0
SF,2004,2,14,0,0.125,259,452,-193,-12.1,-1.6,-13.6,-5.1,-8.6,0
NE,2003,14,2,0,0.875,348,238,110,6.9,0.1,6.9,2.1,4.9,1
MIA,2003,10,6,0,0.625,311,261,50,3.1,0.3,3.4,-0.7,4.1,0
BUF,2003,6,10,0,0.375,243,279,-36,-2.3,1.3,-1,-5,4,0
NYJ,2003,6,10,0,0.375,283,299,-16,-1,0.4,-0.6,-1.9,1.3,0
BAL,2003,10,6,0,0.625,391,281,110,6.9,-0.6,6.3,3.3,3,1
CIN,2003,8,8,0,0.5,346,384,-38,-2.4,0,-2.4,1.1,-3.5,0
PIT,2003,6,10,0,0.375,300,327,-27,-1.7,0.6,-1.1,-2.5,1.4,0
CLE,2003,5,11,0,0.313,254,322,-68,-4.3,1.3,-2.9,-5.3,2.4,0
IND,2003,12,4,0,0.75,447,336,111,6.9,0,7,8.2,-1.2,1
TEN,2003,12,4,0,0.75,435,324,111,6.9,-0.5,6.5,7,-0.5,1
JAX,2003,5,11,0,0.313,276,331,-55,-3.4,1,-2.4,-3.3,0.9,0
HOU,2003,5,11,0,0.313,255,380,-125,-7.8,1.9,-6,-4.4,-1.5,0
KC,2003,13,3,0,0.813,484,332,152,9.5,-1.2,8.3,9.2,-0.9,1
DEN,2003,10,6,0,0.625,381,301,80,5,0.5,5.5,2.4,3.1,1
LV,2003,4,12,0,0.25,270,379,-109,-6.8,1.3,-5.5,-4.2,-1.3,0
LAC,2003,4,12,0,0.25,313,441,-128,-8,1.2,-6.8,-0.6,-6.2,0
PHI,2003,12,4,0,0.75,374,287,87,5.4,-1,4.4,2.9,1.5,1
DAL,2003,10,6,0,0.625,289,260,29,1.8,-2.3,-0.5,-3.2,2.7,1
WAS,2003,5,11,0,0.313,287,372,-85,-5.3,-0.4,-5.7,-1.9,-3.8,0
NYG,2003,4,12,0,0.25,243,387,-144,-9,0.4,-8.6,-4.8,-3.7,0
GB,2003,10,6,0,0.625,442,307,135,8.4,-0.3,8.1,6.2,1.9,1
MIN,2003,9,7,0,0.563,416,353,63,3.9,-1,2.9,4,-1.1,0
CHI,2003,7,9,0,0.438,283,346,-63,-3.9,0.4,-3.5,-4.2,0.7,0
DET,2003,5,11,0,0.313,270,379,-109,-6.8,1,-5.8,-4.3,-1.6,0
CAR,2003,11,5,0,0.688,325,304,21,1.3,-2.2,-0.9,-1.5,0.6,1
NO,2003,8,8,0,0.5,340,326,14,0.9,-1.1,-0.3,0.1,-0.4,0
TB,2003,7,9,0,0.438,301,264,37,2.3,-0.7,1.6,-2.9,4.5,0
ATL,2003,5,11,0,0.313,299,422,-123,-7.7,0.3,-7.4,-2,-5.4,0
LAR,2003,12,4,0,0.75,447,328,119,7.4,-1.6,5.9,6,-0.2,1
SEA,2003,10,6,0,0.625,404,327,77,4.8,-0.7,4.1,3.6,0.5,1
SF,2003,7,9,0,0.438,384,337,47,2.9,0.1,3.1,3,0.1,0
ARI,2003,4,12,0,0.25,225,452,-227,-14.2,1.6,-12.6,-6.3,-6.2,0
NYJ,2002,9,7,0,0.563,359,336,23,1.4,1.7,3.2,0.9,2.3,1
NE,2002,9,7,0,0.563,381,346,35,2.2,1.8,4,2.1,1.9,0
MIA,2002,9,7,0,0.563,378,301,77,4.8,1.2,6.1,1.7,4.4,0
BUF,2002,8,8,0,0.5,379,397,-18,-1.1,0.9,-0.3,2.1,-2.3,0
PIT,2002,10,5,1,0.656,390,345,45,2.8,-0.1,2.7,3.1,-0.4,1
CLE,2002,9,7,0,0.563,344,320,24,1.5,-0.3,1.2,-0.4,1.7,1
BAL,2002,7,9,0,0.438,316,354,-38,-2.4,0.3,-2.1,-1.5,-0.6,0
CIN,2002,2,14,0,0.125,279,456,-177,-11.1,0.6,-10.5,-3.6,-6.9,0
TEN,2002,11,5,0,0.688,367,324,43,2.7,-0.9,1.8,1.6,0.1,1
IND,2002,10,6,0,0.625,349,313,36,2.3,-1.1,1.2,0.4,0.7,1
JAX,2002,6,10,0,0.375,328,315,13,0.8,-1,-0.2,-1.3,1.1,0
HOU,2002,4,12,0,0.25,213,356,-143,-8.9,-0.5,-9.4,-8.4,-1.1,0
LV,2002,11,5,0,0.688,450,304,146,9.1,1.5,10.6,6.3,4.3,1
DEN,2002,9,7,0,0.563,392,344,48,3,1.9,4.9,3,1.9,0
LAC,2002,8,8,0,0.5,333,367,-34,-2.1,1.4,-0.7,-1,0.2,0
KC,2002,8,8,0,0.5,467,399,68,4.3,1.9,6.1,8.4,-2.3,0
PHI,2002,12,4,0,0.75,415,241,174,10.9,-2.6,8.3,4.5,3.8,1
NYG,2002,10,6,0,0.625,320,279,41,2.6,-1.7,0.8,-2.2,3,1
WAS,2002,7,9,0,0.438,307,365,-58,-3.6,-0.8,-4.5,-2.2,-2.2,0
DAL,2002,5,11,0,0.313,217,329,-112,-7,-1.5,-8.5,-8.2,-0.3,0
GB,2002,12,4,0,0.75,398,328,70,4.4,-0.8,3.6,2.4,1.2,1
MIN,2002,6,10,0,0.375,390,442,-52,-3.3,0.2,-3,3.1,-6.1,0
CHI,2002,4,12,0,0.25,281,379,-98,-6.1,0.9,-5.3,-4.4,-0.9,0
DET,2002,3,13,0,0.188,306,451,-145,-9.1,-0.1,-9.2,-2.5,-6.7,0
TB,2002,12,4,0,0.75,346,196,150,9.4,-0.6,8.8,-1,9.8,1
ATL,2002,9,6,1,0.594,402,314,88,5.5,-0.4,5.1,3.5,1.5,1
NO,2002,9,7,0,0.563,432,388,44,2.8,-0.3,2.4,5.8,-3.3,0
CAR,2002,7,9,0,0.438,258,302,-44,-2.8,-0.5,-3.3,-6,2.8,0
SF,2002,10,6,0,0.625,367,351,16,1,-0.4,0.6,0.7,-0.1,1
LAR,2002,7,9,0,0.438,316,369,-53,-3.3,0,-3.3,-1.6,-1.8,0
SEA,2002,7,9,0,0.438,355,369,-14,-0.9,-0.4,-1.3,0,-1.2,0
ARI,2002,5,11,0,0.313,262,417,-155,-9.7,-0.2,-9.9,-5.4,-4.5,0
NE,2001,11,5,0,0.688,371,272,99,6.2,-1.9,4.3,1.2,3.1,1
MIA,2001,11,5,0,0.688,344,290,54,3.4,-0.7,2.7,-0.3,3.1,1
NYJ,2001,10,6,0,0.625,308,295,13,0.8,0,0.8,-2,2.8,1
IND,2001,6,10,0,0.375,413,486,-73,-4.6,0.8,-3.8,6.1,-9.8,0
BUF,2001,3,13,0,0.188,265,420,-155,-9.7,0.2,-9.5,-3.9,-5.7,0
PIT,2001,13,3,0,0.813,352,212,140,8.8,-1.4,7.4,1.5,5.8,1
BAL,2001,10,6,0,0.625,303,265,38,2.4,0.8,3.2,-0.8,4,1
CLE,2001,7,9,0,0.438,285,319,-34,-2.1,1.3,-0.8,-0.9,0.1,0
TEN,2001,7,9,0,0.438,336,388,-52,-3.3,1.2,-2,2.4,-4.4,0
JAX,2001,6,10,0,0.375,294,286,8,0.5,0.4,0.9,-1.1,2,0
CIN,2001,6,10,0,0.375,226,309,-83,-5.2,1.7,-3.5,-4.5,1,0
LV,2001,10,6,0,0.625,399,327,72,4.5,-0.9,3.6,4,-0.4,1
SEA,2001,9,7,0,0.563,301,324,-23,-1.4,-0.4,-1.9,-1.4,-0.4,0
DEN,2001,8,8,0,0.5,340,339,1,0.1,-0.5,-0.5,0.5,-1,0
KC,2001,6,10,0,0.375,320,344,-24,-1.5,0.3,-1.2,-0.2,-1,0
LAC,2001,5,11,0,0.313,332,321,11,0.7,-1,-0.3,0.3,-0.6,0
PHI,2001,11,5,0,0.688,343,208,135,8.4,-0.7,7.7,0.9,6.8,1
WAS,2001,8,8,0,0.5,256,303,-47,-2.9,-0.7,-3.7,-4,0.4,0
NYG,2001,7,9,0,0.438,294,321,-27,-1.7,-0.1,-1.8,-1.8,0,0
ARI,2001,7,9,0,0.438,295,343,-48,-3,-1.2,-4.2,-1.5,-2.6,0
DAL,2001,5,11,0,0.313,246,338,-92,-5.8,-0.2,-6,-4.5,-1.5,0
CHI,2001,13,3,0,0.813,338,203,135,8.4,-0.5,7.9,0.9,7.1,1
GB,2001,12,4,0,0.75,390,266,124,7.8,-1.1,6.6,4,2.6,1
TB,2001,9,7,0,0.563,324,280,44,2.8,1.3,4,0.7,3.3,1
MIN,2001,5,11,0,0.313,290,390,-100,-6.3,1.5,-4.7,-0.8,-3.9,0
DET,2001,2,14,0,0.125,270,424,-154,-9.6,2.4,-7.2,-2,-5.2,0
LAR,2001,14,2,0,0.875,503,273,230,14.4,-1,13.4,10.4,2.9,1
SF,2001,12,4,0,0.75,409,282,127,7.9,-1.1,6.8,4.2,2.7,1
NO,2001,7,9,0,0.438,333,409,-76,-4.8,-0.1,-4.8,-0.1,-4.7,0
ATL,2001,7,9,0,0.438,291,377,-86,-5.4,0.7,-4.7,-2.7,-2,0
CAR,2001,1,15,0,0.063,253,410,-157,-9.8,0.9,-8.9,-4.6,-4.4,0
MIA,2000,11,5,0,0.688,323,226,97,6.1,1,7.1,0,7.1,1
IND,2000,10,6,0,0.625,429,326,103,6.4,1.5,7.9,7.1,0.8,1
NYJ,2000,9,7,0,0.563,321,321,0,0,3.5,3.5,1.4,2.2,0
BUF,2000,8,8,0,0.5,315,350,-35,-2.2,2.2,0,0.5,-0.5,0
NE,2000,5,11,0,0.313,276,338,-62,-3.9,1.4,-2.5,-2.7,0.2,0
TEN,2000,13,3,0,0.813,346,191,155,9.7,-1.3,8.3,1.5,6.8,1
BAL,2000,12,4,0,0.75,333,165,168,10.5,-2.5,8,0,8,1
PIT,2000,9,7,0,0.563,321,255,66,4.1,-0.2,3.9,0.6,3.3,0
JAX,2000,7,9,0,0.438,367,327,40,2.5,-1.4,1.1,3.2,-2.1,0
CIN,2000,4,12,0,0.25,185,359,-174,-10.9,0.4,-10.5,-8.1,-2.4,0
CLE,2000,3,13,0,0.188,161,419,-258,-16.1,1.5,-14.6,-9.1,-5.5,0
LV,2000,12,4,0,0.75,479,299,180,11.3,-1.5,9.7,8,1.8,1
DEN,2000,11,5,0,0.688,485,369,116,7.3,-2.2,5,7.8,-2.7,1
KC,2000,7,9,0,0.438,355,354,1,0.1,0.6,0.6,0.1,0.6,0
SEA,2000,6,10,0,0.375,320,405,-85,-5.3,1.6,-3.7,-1.4,-2.3,0
LAC,2000,1,15,0,0.063,269,440,-171,-10.7,2.6,-8.1,-3.7,-4.4,0
NYG,2000,12,4,0,0.75,328,246,82,5.1,-2.7,2.4,-1.3,3.8,1
PHI,2000,11,5,0,0.688,351,245,106,6.6,-3.6,3.1,1,2.1,1
WAS,2000,8,8,0,0.5,281,269,12,0.8,0.2,1,-2.9,3.8,0
DAL,2000,5,11,0,0.313,294,361,-67,-4.2,-0.4,-4.6,-1.5,-3,0
ARI,2000,3,13,0,0.188,210,443,-233,-14.6,-0.7,-15.2,-7.2,-8.1,0
MIN,2000,11,5,0,0.688,397,371,26,1.6,0.3,1.9,4.3,-2.3,1
TB,2000,10,6,0,0.625,388,269,119,7.4,-0.1,7.3,3.4,3.9,1
GB,2000,9,7,0,0.563,353,323,30,1.9,0.6,2.5,1.8,0.7,0
DET,2000,9,7,0,0.563,307,307,0,0,1.4,1.4,-0.1,1.5,0
CHI,2000,5,11,0,0.313,216,355,-139,-8.7,2.4,-6.3,-6.4,0.1,0
NO,2000,10,6,0,0.625,354,305,49,3.1,-2.2,0.9,-1.2,2.1,1
LAR,2000,10,6,0,0.625,540,471,69,4.3,-1.2,3.1,12.6,-9.5,1
CAR,2000,7,9,0,0.438,310,310,0,0,-1.1,-1.1,-3.6,2.5,0
SF,2000,6,10,0,0.375,388,422,-34,-2.1,-1.7,-3.8,1.7,-5.5,0
ATL,2000,4,12,0,0.25,252,413,-161,-10.1,1.5,-8.6,-5.7,-2.9,0
IND,1999,13,3,0,0.813,423,333,90,5.6,0.5,6.1,6.6,-0.5,1
BUF,1999,11,5,0,0.688,320,229,91,5.7,1.5,7.1,-0.2,7.4,1
MIA,1999,9,7,0,0.563,326,336,-10,-0.6,2.5,1.9,1.2,0.7,1
NYJ,1999,8,8,0,0.5,308,309,-1,-0.1,3.1,3.1,0.2,2.9,0
NE,1999,8,8,0,0.5,299,284,15,0.9,1.3,2.2,-1,3.2,0
JAX,1999,14,2,0,0.875,396,217,179,11.2,-4.8,6.4,1.3,5.1,1
TEN,1999,13,3,0,0.813,392,324,68,4.3,-3.2,1,2,-1,1
BAL,1999,8,8,0,0.5,324,277,47,2.9,-2,0.9,-1.6,2.5,0
PIT,1999,6,10,0,0.375,317,320,-3,-0.2,-2.2,-2.4,-2.2,-0.2,0
CIN,1999,4,12,0,0.25,283,460,-177,-11.1,-0.5,-11.5,-3.3,-8.2,0
CLE,1999,2,14,0,0.125,217,437,-220,-13.8,-0.3,-14.1,-7.6,-6.5,0
SEA,1999,9,7,0,0.563,338,298,40,2.5,2,4.5,1.9,2.6,1
KC,1999,9,7,0,0.563,390,322,68,4.3,2.6,6.8,5.5,1.3,0
LAC,1999,8,8,0,0.5,269,316,-47,-2.9,2,-1,-3.9,2.9,0
LV,1999,8,8,0,0.5,390,329,61,3.8,2.9,6.8,5.7,1,0
DEN,1999,6,10,0,0.375,314,318,-4,-0.3,3.6,3.4,1,2.4,0
WAS,1999,10,6,0,0.625,443,377,66,4.1,-1.3,2.9,6.8,-3.9,1
DAL,1999,8,8,0,0.5,352,276,76,4.8,-1.6,3.1,-0.3,3.4,1
NYG,1999,7,9,0,0.438,299,358,-59,-3.7,0.7,-3,-1.8,-1.2,0
ARI,1999,6,10,0,0.375,245,382,-137,-8.6,-0.2,-8.8,-5.5,-3.2,0
PHI,1999,5,11,0,0.313,272,357,-85,-5.3,1.1,-4.2,-3.3,-0.9,0
TB,1999,11,5,0,0.688,270,235,35,2.2,0.4,2.6,-4.1,6.7,1
MIN,1999,10,6,0,0.625,399,335,64,4,0.4,4.4,5.2,-0.8,1
DET,1999,8,8,0,0.5,322,323,-1,-0.1,2,1.9,0.1,1.8,1
GB,1999,8,8,0,0.5,357,341,16,1,0.6,1.6,2.5,-0.9,0
CHI,1999,6,10,0,0.375,272,341,-69,-4.3,2.3,-2,-3,1,0
LAR,1999,13,3,0,0.813,526,242,284,17.8,-5.9,11.9,8.7,3.2,1
CAR,1999,8,8,0,0.5,421,381,40,2.5,-3.6,-1.1,3,-4,0
ATL,1999,5,11,0,0.313,285,380,-95,-5.9,-1.1,-7.1,-4,-3,0
SF,1999,4,12,0,0.25,295,453,-158,-9.9,-1.5,-11.3,-4.5,-6.8,0
NO,1999,3,13,0,0.188,260,434,-174,-10.9,-1.3,-12.1,-5.3,-6.9,0
NYJ,1998,12,4,0,0.75,416,266,150,9.4,1.8,11.2,5.4,5.8,1
MIA,1998,10,6,0,0.625,321,265,56,3.5,2.4,5.9,-0.7,6.5,1
BUF,1998,10,6,0,0.625,400,333,67,4.2,1,5.2,4.4,0.7,1
NE,1998,9,7,0,0.563,337,329,8,0.5,3.4,3.9,1.1,2.8,1
IND,1998,3,13,0,0.188,310,444,-134,-8.4,3,-5.4,-0.1,-5.3,0
JAX,1998,11,5,0,0.688,392,338,54,3.4,-0.9,2.5,3.1,-0.6,1
TEN,1998,8,8,0,0.5,330,320,10,0.6,-0.6,0,-0.5,0.5,0
PIT,1998,7,9,0,0.438,263,303,-40,-2.5,-1.3,-3.8,-5.1,1.3,0
BAL,1998,6,10,0,0.375,269,335,-66,-4.1,-1.3,-5.4,-5.2,-0.2,0
CIN,1998,3,13,0,0.188,268,452,-184,-11.5,0.5,-11,-4.5,-6.5,0
DEN,1998,14,2,0,0.875,501,309,192,12,-3.1,8.9,9.5,-0.6,1
LV,1998,8,8,0,0.5,288,356,-68,-4.3,-1.4,-5.6,-4.1,-1.5,0
SEA,1998,8,8,0,0.5,372,310,62,3.9,-2.4,1.5,0.9,0.6,0
KC,1998,7,9,0,0.438,327,363,-36,-2.3,-0.8,-3.1,-0.7,-2.4,0
LAC,1998,5,11,0,0.313,241,342,-101,-6.3,-2.1,-8.4,-7.7,-0.7,0
DAL,1998,10,6,0,0.625,381,275,106,6.6,-3.1,3.5,0.9,2.6,1
ARI,1998,9,7,0,0.563,325,378,-53,-3.3,-4.1,-7.4,-1.6,-5.8,1
NYG,1998,8,8,0,0.5,287,309,-22,-1.4,-1.9,-3.2,-4.3,1.1,0
WAS,1998,6,10,0,0.375,319,421,-102,-6.4,-1.1,-7.5,-1.5,-6,0
PHI,1998,3,13,0,0.188,161,344,-183,-11.4,-1.3,-12.8,-12.3,-0.5,0
MIN,1998,15,1,0,0.938,556,296,260,16.3,-1.4,14.9,13.2,1.6,1
GB,1998,11,5,0,0.688,408,319,89,5.6,-0.6,5,4.3,0.7,1
TB,1998,8,8,0,0.5,314,295,19,1.2,0.1,1.3,-2.3,3.5,0
DET,1998,5,11,0,0.313,306,378,-72,-4.5,1.1,-3.4,-1.9,-1.5,0
CHI,1998,4,12,0,0.25,276,368,-92,-5.8,2,-3.7,-3.4,-0.3,0
ATL,1998,14,2,0,0.875,442,289,153,9.6,0.4,10,7,3,1
SF,1998,12,4,0,0.75,479,328,151,9.4,1.2,10.6,8.8,1.8,1
NO,1998,6,10,0,0.375,305,359,-54,-3.4,3.5,0.1,-1.5,1.6,0
CAR,1998,4,12,0,0.25,336,413,-77,-4.8,3.5,-1.3,1,-2.4,0
LAR,1998,4,12,0,0.25,285,378,-93,-5.8,3.5,-2.3,-2.3,0,0
NE,1997,10,6,0,0.625,369,289,80,5,0.3,5.3,2.3,3,1
MIA,1997,9,7,0,0.563,339,327,12,0.8,0.6,1.3,1,0.3,1
NYJ,1997,9,7,0,0.563,348,287,61,3.8,-0.9,2.9,0.1,2.8,0
BUF,1997,6,10,0,0.375,255,367,-112,-7,2.5,-4.5,-4,-0.5,0
IND,1997,3,13,0,0.188,313,401,-88,-5.5,1.2,-4.3,-0.6,-3.8,0
PIT,1997,11,5,0,0.688,372,307,65,4.1,1.3,5.3,2.7,2.6,1
JAX,1997,11,5,0,0.688,394,318,76,4.8,0.7,5.5,4.4,1,1
TEN,1997,8,8,0,0.5,333,310,23,1.4,0.2,1.7,-0.3,1.9,0
CIN,1997,7,9,0,0.438,355,405,-50,-3.1,1,-2.2,1.8,-4,0
BAL,1997,6,9,1,0.406,326,345,-19,-1.2,0.6,-0.6,-0.4,-0.2,0
KC,1997,13,3,0,0.813,375,232,143,8.9,-0.5,8.4,1.8,6.6,1
DEN,1997,12,4,0,0.75,472,287,185,11.6,-0.9,10.7,8.1,2.6,1
SEA,1997,8,8,0,0.5,365,362,3,0.2,0,0.1,1.8,-1.7,0
LV,1997,4,12,0,0.25,324,419,-95,-5.9,0.8,-5.1,-0.1,-5,0
LAC,1997,4,12,0,0.25,266,425,-159,-9.9,1,-8.9,-4.1,-4.8,0
NYG,1997,10,5,1,0.656,307,265,42,2.6,-1.1,1.5,-1.8,3.3,1
WAS,1997,8,7,1,0.531,327,289,38,2.4,-1.1,1.3,-0.6,1.8,0
PHI,1997,6,9,1,0.406,317,372,-55,-3.4,0.5,-3,-0.7,-2.3,0
DAL,1997,6,10,0,0.375,304,314,-10,-0.6,-0.1,-0.8,-1.7,1,0
ARI,1997,4,12,0,0.25,283,379,-96,-6,-0.4,-6.4,-2.6,-3.8,0
GB,1997,13,3,0,0.813,422,282,140,8.8,-1.1,7.7,5.3,2.4,1
TB,1997,10,6,0,0.625,299,263,36,2.3,0.5,2.7,-2.4,5.1,1
DET,1997,9,7,0,0.563,379,306,73,4.6,-0.6,4,3,0.9,1
MIN,1997,9,7,0,0.563,354,359,-5,-0.3,0.2,-0.1,1.7,-1.8,1
CHI,1997,4,12,0,0.25,263,421,-158,-9.9,1.4,-8.5,-3.1,-5.3,0
SF,1997,13,3,0,0.813,375,265,110,6.9,-1.8,5.1,2.4,2.7,1
CAR,1997,7,9,0,0.438,265,314,-49,-3.1,-0.5,-3.6,-4.4,0.8,0
ATL,1997,7,9,0,0.438,320,361,-41,-2.6,-1.6,-4.2,-1.2,-2.9,0
NO,1997,6,10,0,0.375,237,327,-90,-5.6,-1.8,-7.4,-6.8,-0.6,0
LAR,1997,5,11,0,0.313,299,359,-60,-3.8,-0.2,-4,-1.8,-2.2,0
NE,1996,11,5,0,0.688,418,313,105,6.6,-1.5,5.1,4.9,0.2,1
BUF,1996,10,6,0,0.625,319,266,53,3.3,-0.4,2.9,-1,3.9,1
IND,1996,9,7,0,0.563,317,334,-17,-1.1,-0.6,-1.6,-1.8,0.2,1
MIA,1996,8,8,0,0.5,339,325,14,0.9,-0.6,0.3,0.6,-0.4,0
NYJ,1996,1,15,0,0.063,279,454,-175,-10.9,0.8,-10.1,-2.5,-7.6,0
PIT,1996,10,6,0,0.625,344,257,87,5.4,-0.3,5.2,0,5.1,1
JAX,1996,9,7,0,0.563,325,335,-10,-0.6,-0.9,-1.5,-1.6,0.1,1
CIN,1996,8,8,0,0.5,372,369,3,0.2,-0.3,-0.1,2.5,-2.6,0
TEN,1996,8,8,0,0.5,345,319,26,1.6,-0.7,1,0.1,0.8,0
BAL,1996,4,12,0,0.25,371,441,-70,-4.4,1.4,-2.9,3.9,-6.8,0
DEN,1996,13,3,0,0.813,391,275,116,7.3,0.3,7.6,3.7,3.9,1
KC,1996,9,7,0,0.563,297,300,-3,-0.2,2,1.8,-0.7,2.5,0
LAC,1996,8,8,0,0.5,310,376,-66,-4.1,2.4,-1.8,0.4,-2.1,0
LV,1996,7,9,0,0.438,340,293,47,2.9,-0.5,2.4,0.3,2.1,0
SEA,1996,7,9,0,0.438,317,376,-59,-3.7,2,-1.7,1,-2.6,0
DAL,1996,10,6,0,0.625,286,250,36,2.3,0.1,2.4,-2.9,5.3,1
PHI,1996,10,6,0,0.625,363,341,22,1.4,-0.8,0.6,2.1,-1.6,1
WAS,1996,9,7,0,0.563,364,312,52,3.3,-1.4,1.8,2.3,-0.4,0
ARI,1996,7,9,0,0.438,300,397,-97,-6.1,-1.4,-7.5,-1.7,-5.8,0
NYG,1996,6,10,0,0.375,242,297,-55,-3.4,-0.7,-4.1,-5.7,1.5,0
GB,1996,13,3,0,0.813,456,210,246,15.4,-0.1,15.3,8.7,6.6,1
MIN,1996,9,7,0,0.563,298,315,-17,-1.1,0.9,-0.1,-0.9,0.7,1
CHI,1996,7,9,0,0.438,283,305,-22,-1.4,1.1,-0.2,-1.4,1.2,0
TB,1996,6,10,0,0.375,221,293,-72,-4.5,1.5,-3,-5.9,2.9,0
DET,1996,5,11,0,0.313,302,368,-66,-4.1,1.2,-2.9,-0.4,-2.5,0
CAR,1996,12,4,0,0.75,367,218,149,9.3,-2.3,7.1,1.4,5.6,1
SF,1996,12,4,0,0.75,398,257,141,8.8,-0.8,8,3.7,4.3,1
LAR,1996,6,10,0,0.375,303,409,-106,-6.6,0.3,-6.3,-1.7,-4.6,0
ATL,1996,3,13,0,0.188,309,461,-152,-9.5,0.4,-9.1,-0.2,-8.9,0
NO,1996,3,13,0,0.188,229,339,-110,-6.9,-1.2,-8.1,-7.1,-1,0
BUF,1995,10,6,0,0.625,350,335,15,0.9,-1.8,-0.9,-0.5,-0.4,1
IND,1995,9,7,0,0.563,331,316,15,0.9,-2.3,-1.3,-1.8,0.4,1
MIA,1995,9,7,0,0.563,398,332,66,4.1,-1.4,2.7,3.1,-0.4,1
NE,1995,6,10,0,0.375,294,377,-83,-5.2,-0.2,-5.4,-2.8,-2.6,0
NYJ,1995,3,13,0,0.188,233,384,-151,-9.4,-1.7,-11.2,-7.9,-3.3,0
PIT,1995,11,5,0,0.688,407,327,80,5,-0.4,4.6,3.4,1.2,1
CIN,1995,7,9,0,0.438,349,374,-25,-1.6,-0.2,-1.7,0.1,-1.9,0
TEN,1995,7,9,0,0.438,348,324,24,1.5,-0.7,0.8,-0.1,0.9,0
CLE,1995,5,11,0,0.313,289,356,-67,-4.2,0.4,-3.8,-3.2,-0.6,0
JAX,1995,4,12,0,0.25,275,404,-129,-8.1,0,-8.1,-4.4,-3.7,0
KC,1995,13,3,0,0.813,358,241,117,7.3,0.3,7.6,0.8,6.9,1
LAC,1995,9,7,0,0.563,321,323,-2,-0.1,1.6,1.5,-0.6,2.1,1
SEA,1995,8,8,0,0.5,363,366,-3,-0.2,-0.4,-0.6,1.6,-2.2,0
DEN,1995,8,8,0,0.5,388,345,43,2.7,0.4,3.1,3.3,-0.2,0
LV,1995,8,8,0,0.5,348,332,16,1,1.1,2.1,1.1,1,0
DAL,1995,12,4,0,0.75,435,291,144,9,0.7,9.7,6.2,3.5,1
PHI,1995,10,6,0,0.625,318,338,-20,-1.3,-0.5,-1.7,-1.9,0.2,1
WAS,1995,6,10,0,0.375,326,359,-33,-2.1,0.1,-1.9,-0.8,-1.2,0
NYG,1995,5,11,0,0.313,290,340,-50,-3.1,1.6,-1.5,-2.6,1.1,0
ARI,1995,4,12,0,0.25,275,422,-147,-9.2,1.7,-7.5,-3.5,-4,0
GB,1995,11,5,0,0.688,404,314,90,5.6,0.4,6,3.5,2.5,1
DET,1995,10,6,0,0.625,436,336,100,6.3,0.6,6.9,5.9,1,1
CHI,1995,9,7,0,0.563,392,360,32,2,0.3,2.3,3.1,-0.8,0
MIN,1995,8,8,0,0.5,412,385,27,1.7,2,3.7,5.1,-1.4,0
TB,1995,7,9,0,0.438,238,335,-97,-6.1,1.1,-5,-6.9,1.9,0
SF,1995,11,5,0,0.688,457,258,199,12.4,-0.7,11.8,6.5,5.3,1
ATL,1995,9,7,0,0.563,362,349,13,0.8,-0.7,0.1,0.9,-0.9,1
LAR,1995,7,9,0,0.438,309,418,-109,-6.8,0.4,-6.4,-1.8,-4.6,0
CAR,1995,7,9,0,0.438,289,325,-36,-2.3,-1.5,-3.8,-4.1,0.3,0
NO,1995,7,9,0,0.438,319,348,-29,-1.8,-0.3,-2.2,-1.7,-0.4,0
MIA,1994,10,6,0,0.625,389,327,62,3.9,0.3,4.2,4.5,-0.3,1
NE,1994,10,6,0,0.625,351,312,39,2.4,0.8,3.2,1.9,1.3,1
IND,1994,8,8,0,0.5,307,320,-13,-0.8,-0.7,-1.5,-1.3,-0.2,0
BUF,1994,7,9,0,0.438,340,356,-16,-1,0.8,-0.2,1.5,-1.8,0
NYJ,1994,6,10,0,0.375,264,320,-56,-3.5,1.3,-2.2,-3.7,1.5,0
PIT,1994,12,4,0,0.75,316,234,82,5.1,-0.4,4.7,-0.2,5,1
CLE,1994,11,5,0,0.688,340,204,136,8.5,-1.2,7.3,1.2,6.1,1
CIN,1994,3,13,0,0.188,276,406,-130,-8.1,1.2,-6.9,-1.6,-5.4,0
TEN,1994,2,14,0,0.125,226,352,-126,-7.9,0.6,-7.3,-4.7,-2.6,0
LAC,1994,11,5,0,0.688,381,306,75,4.7,-1.1,3.6,2.9,0.7,1
KC,1994,9,7,0,0.563,319,298,21,1.3,-0.4,0.9,-1.3,2.1,1
LV,1994,9,7,0,0.563,303,327,-24,-1.5,-0.1,-1.6,-1.9,0.3,0
DEN,1994,7,9,0,0.438,347,396,-49,-3.1,-0.3,-3.3,1.3,-4.6,0
SEA,1994,6,10,0,0.375,287,323,-36,-2.3,-1.2,-3.4,-2.8,-0.6,0
DAL,1994,12,4,0,0.75,414,248,166,10.4,-0.3,10.1,5.6,4.5,1
NYG,1994,9,7,0,0.563,279,305,-26,-1.6,-0.1,-1.7,-2.7,1,0
ARI,1994,8,8,0,0.5,235,267,-32,-2,-0.3,-2.3,-5.6,3.3,0
PHI,1994,7,9,0,0.438,308,308,0,0,0.6,0.6,-0.4,1,0
WAS,1994,3,13,0,0.188,320,412,-92,-5.8,-0.3,-6.1,0.3,-6.4,0
MIN,1994,10,6,0,0.625,356,314,42,2.6,0.6,3.2,2.4,0.8,1
GB,1994,9,7,0,0.563,382,287,95,5.9,0.1,6,3.8,2.2,1
DET,1994,9,7,0,0.563,357,342,15,0.9,1.4,2.4,2.8,-0.4,1
CHI,1994,9,7,0,0.563,271,307,-36,-2.3,0.3,-1.9,-3.2,1.3,1
TB,1994,6,10,0,0.375,251,351,-100,-6.3,0,-6.2,-5.4,-0.8,0
SF,1994,13,3,0,0.813,505,296,209,13.1,-1.4,11.6,9.9,1.7,1
NO,1994,7,9,0,0.438,348,407,-59,-3.7,0.1,-3.6,1,-4.6,0
ATL,1994,7,9,0,0.438,317,385,-68,-4.3,0,-4.3,-1.2,-3.1,0
LAR,1994,4,12,0,0.25,286,365,-79,-4.9,-0.3,-5.3,-3.2,-2.1,0
BUF,1993,12,4,0,0.75,329,242,87,5.4,-0.6,4.8,1.8,3,1
MIA,1993,9,7,0,0.563,349,351,-2,-0.1,-0.3,-0.5,3.9,-4.3,0
NYJ,1993,8,8,0,0.5,270,247,23,1.4,-0.6,0.8,-2.1,2.9,0
NE,1993,5,11,0,0.313,238,286,-48,-3,-0.8,-3.8,-4,0.3,0
IND,1993,4,12,0,0.25,189,378,-189,-11.8,0.5,-11.3,-6.2,-5.1,0
TEN,1993,12,4,0,0.75,368,238,130,8.1,-0.9,7.2,4.1,3.1,1
PIT,1993,9,7,0,0.563,308,281,27,1.7,-0.2,1.5,0.1,1.5,1
CLE,1993,7,9,0,0.438,304,307,-3,-0.2,-1,-1.2,-0.6,-0.6,0
CIN,1993,3,13,0,0.188,187,319,-132,-8.3,-0.2,-8.4,-7.4,-1,0
KC,1993,11,5,0,0.688,328,291,37,2.3,0.6,2.9,1.9,1,1
LV,1993,10,6,0,0.625,306,326,-20,-1.3,0.6,-0.7,1.1,-1.7,1
DEN,1993,9,7,0,0.563,373,284,89,5.6,-0.5,5,4.6,0.4,1
LAC,1993,8,8,0,0.5,322,290,32,2,0.3,2.3,1.1,1.1,0
SEA,1993,6,10,0,0.375,280,314,-34,-2.1,0.9,-1.2,-0.8,-0.5,0
DAL,1993,12,4,0,0.75,376,229,147,9.2,0.4,9.6,4.9,4.7,1
NYG,1993,11,5,0,0.688,288,205,83,5.2,-0.5,4.6,-0.8,5.4,1
PHI,1993,8,8,0,0.5,293,315,-22,-1.4,1.8,0.4,0.7,-0.3,0
ARI,1993,7,9,0,0.438,326,269,57,3.6,0.4,3.9,1.9,2.1,0
WAS,1993,4,12,0,0.25,230,345,-115,-7.2,0.7,-6.5,-3.8,-2.7,0
DET,1993,10,6,0,0.625,298,292,6,0.4,-0.7,-0.3,-0.3,0,1
MIN,1993,9,7,0,0.563,277,290,-13,-0.8,0.7,-0.1,-1.3,1.2,1
GB,1993,9,7,0,0.563,340,282,58,3.6,-0.4,3.2,2.7,0.5,1
CHI,1993,7,9,0,0.438,234,230,4,0.3,-0.5,-0.2,-4.6,4.3,0
TB,1993,5,11,0,0.313,237,376,-139,-8.7,1.1,-7.6,-3.3,-4.3,0
SF,1993,10,6,0,0.625,473,295,178,11.1,-1.5,9.7,9.9,-0.3,1
NO,1993,8,8,0,0.5,317,343,-26,-1.6,0.3,-1.3,0.7,-2.1,0
ATL,1993,6,10,0,0.375,316,385,-69,-4.3,-0.1,-4.4,0.8,-5.2,0
LAR,1993,5,11,0,0.313,221,367,-146,-9.1,0.7,-8.4,-5,-3.4,0
MIA,1992,11,5,0,0.688,340,281,59,3.7,-2.2,1.5,2.1,-0.6,1
BUF,1992,11,5,0,0.688,381,283,98,6.1,-1.9,4.3,4.7,-0.4,1
IND,1992,9,7,0,0.563,216,302,-86,-5.4,-1.6,-7,-6,-1,0
NYJ,1992,4,12,0,0.25,220,315,-95,-5.9,-0.9,-6.9,-6,-0.9,0
NE,1992,2,14,0,0.125,205,363,-158,-9.9,-1.1,-11,-6.5,-4.5,0
PIT,1992,11,5,0,0.688,299,225,74,4.6,-1,3.6,-0.4,4,1
TEN,1992,10,6,0,0.625,352,258,94,5.9,-0.3,5.5,3,2.6,1
CLE,1992,7,9,0,0.438,272,275,-3,-0.2,-0.8,-1,-2,1,0
CIN,1992,5,11,0,0.313,274,364,-90,-5.6,-1,-6.6,-0.9,-5.7,0
LAC,1992,11,5,0,0.688,335,241,94,5.9,-2.8,3.1,1.9,1.3,1
KC,1992,10,6,0,0.625,348,282,66,4.1,-0.7,3.4,3.7,-0.2,1
DEN,1992,8,8,0,0.5,262,329,-67,-4.2,0.8,-3.4,-1.4,-1.9,0
LV,1992,7,9,0,0.438,249,281,-32,-2,0.4,-1.6,-3.2,1.5,0
SEA,1992,2,14,0,0.125,140,312,-172,-10.8,0.8,-10,-9.8,-0.2,0
DAL,1992,13,3,0,0.813,409,243,166,10.4,-0.4,10,6.4,3.6,1
PHI,1992,11,5,0,0.688,354,245,109,6.8,2.1,8.9,4.8,4.1,1
WAS,1992,9,7,0,0.563,300,255,45,2.8,1.6,4.4,0.7,3.8,1
NYG,1992,6,10,0,0.375,306,367,-61,-3.8,2,-1.8,1.6,-3.4,0
ARI,1992,4,12,0,0.25,243,332,-89,-5.6,2.5,-3.1,-2.9,-0.1,0
MIN,1992,11,5,0,0.688,374,249,125,7.8,-0.1,7.7,4.4,3.3,1
GB,1992,9,7,0,0.563,276,296,-20,-1.3,-0.3,-1.6,-2.6,1,0
TB,1992,5,11,0,0.313,267,365,-98,-6.1,0.3,-5.9,-2,-3.9,0
CHI,1992,5,11,0,0.313,295,361,-66,-4.1,0.6,-3.5,-0.2,-3.3,0
DET,1992,5,11,0,0.313,273,332,-59,-3.7,1.8,-1.9,-0.7,-1.1,0
SF,1992,14,2,0,0.875,431,236,195,12.2,-0.4,11.8,7.3,4.5,1
NO,1992,12,4,0,0.75,330,202,128,8,-0.2,7.8,0.7,7.1,1
ATL,1992,6,10,0,0.375,327,414,-87,-5.4,1.4,-4.1,2.3,-6.4,0
LAR,1992,6,10,0,0.375,313,383,-70,-4.4,1.5,-2.9,1.1,-4,0
BUF,1991,13,3,0,0.813,458,318,140,8.8,-5.2,3.6,7.6,-4.1,1
NYJ,1991,8,8,0,0.5,314,293,21,1.3,-3.8,-2.4,-1.2,-1.2,1
MIA,1991,8,8,0,0.5,343,349,-6,-0.4,-3.7,-4.1,0.7,-4.8,0
NE,1991,6,10,0,0.375,211,305,-94,-5.9,-2.8,-8.7,-7.9,-0.8,0
IND,1991,1,15,0,0.063,143,381,-238,-14.9,-2.4,-17.3,-11.5,-5.7,0
TEN,1991,11,5,0,0.688,386,251,135,8.4,-0.1,8.4,4.9,3.4,1
PIT,1991,7,9,0,0.438,292,344,-52,-3.3,0.3,-2.9,-0.8,-2.2,0
CLE,1991,6,10,0,0.375,293,298,-5,-0.3,0,-0.4,-0.7,0.4,0
CIN,1991,3,13,0,0.188,263,435,-172,-10.8,2.1,-8.7,-1.8,-6.9,0
DEN,1991,12,4,0,0.75,304,235,69,4.3,-0.9,3.4,0.3,3.1,1
KC,1991,10,6,0,0.625,322,252,70,4.4,2,6.4,1.8,4.5,1
LV,1991,9,7,0,0.563,298,297,1,0.1,1.3,1.4,0.3,1.1,1
SEA,1991,7,9,0,0.438,276,261,15,0.9,0.2,1.2,-1.5,2.7,0
LAC,1991,4,12,0,0.25,274,342,-68,-4.3,2,-2.2,-0.6,-1.7,0
WAS,1991,14,2,0,0.875,485,224,261,16.3,0.3,16.6,11.7,4.9,1
DAL,1991,11,5,0,0.688,342,310,32,2,2.4,4.4,3.7,0.8,1
PHI,1991,10,6,0,0.625,285,244,41,2.6,2.1,4.7,-0.3,5,0
NYG,1991,8,8,0,0.5,281,297,-16,-1,2,1,-0.6,1.5,0
ARI,1991,4,12,0,0.25,196,344,-148,-9.3,3.8,-5.4,-4.9,-0.5,0
DET,1991,12,4,0,0.75,339,295,44,2.8,-1.8,1,0.9,0,1
CHI,1991,11,5,0,0.688,299,269,30,1.9,-1,0.8,-1.2,2,1
MIN,1991,8,8,0,0.5,301,306,-5,-0.3,-1.7,-2,-0.2,-1.8,0
GB,1991,4,12,0,0.25,273,313,-40,-2.5,-2.3,-4.8,-3.3,-1.4,0
TB,1991,3,13,0,0.188,199,365,-166,-10.4,-0.8,-11.1,-7,-4.2,0
NO,1991,11,5,0,0.688,341,211,130,8.1,0.9,9,2.8,6.3,1
ATL,1991,10,6,0,0.625,361,338,23,1.4,2,3.4,4.7,-1.3,1
SF,1991,10,6,0,0.625,393,239,154,9.6,1.2,10.9,6.6,4.3,0
LAR,1991,3,13,0,0.188,234,390,-156,-9.8,3.7,-6,-2.6,-3.4,0
BUF,1990,13,3,0,0.813,428,263,165,10.3,-1.7,8.6,5.7,2.9,1
MIA,1990,12,4,0,0.75,336,242,94,5.9,-1.2,4.7,0.5,4.2,1
IND,1990,7,9,0,0.438,281,353,-72,-4.5,0.6,-3.9,-2.7,-1.2,0
NYJ,1990,6,10,0,0.375,295,345,-50,-3.1,-1.5,-4.6,-2,-2.6,0
NE,1990,1,15,0,0.063,181,446,-265,-16.6,2,-14.6,-7.5,-7.1,0
CIN,1990,9,7,0,0.563,360,352,8,0.5,-1.6,-1.1,1.9,-3,1
TEN,1990,9,7,0,0.563,405,307,98,6.1,-0.9,5.2,4.9,0.3,1
PIT,1990,9,7,0,0.563,292,240,52,3.3,-1.6,1.6,-3.4,5,0
CLE,1990,3,13,0,0.188,228,462,-234,-14.6,1.7,-13,-5.2,-7.8,0
LV,1990,12,4,0,0.75,337,268,69,4.3,2.2,6.6,2.2,4.4,1
KC,1990,11,5,0,0.688,369,257,112,7,-0.3,6.7,2.7,4.1,1
SEA,1990,9,7,0,0.563,306,286,20,1.3,1.5,2.7,-0.5,3.3,0
LAC,1990,6,10,0,0.375,315,281,34,2.1,0.2,2.3,-0.1,2.5,0
DEN,1990,5,11,0,0.313,331,374,-43,-2.7,1.9,-0.8,2.1,-2.9,0
NYG,1990,13,3,0,0.813,335,211,124,7.8,-0.1,7.7,0,7.6,1
PHI,1990,10,6,0,0.625,396,299,97,6.1,-0.5,5.6,4.5,1.1,1
WAS,1990,10,6,0,0.625,381,301,80,5,0.4,5.4,4.6,0.8,1
DAL,1990,7,9,0,0.438,244,308,-64,-4,0.3,-3.7,-4.8,1.1,0
ARI,1990,5,11,0,0.313,268,396,-128,-8,1.3,-6.7,-1.9,-4.8,0
CHI,1990,11,5,0,0.688,348,280,68,4.3,-0.8,3.4,0.1,3.3,1
TB,1990,6,10,0,0.375,264,367,-103,-6.4,-0.7,-7.1,-4,-3.2,0
DET,1990,6,10,0,0.375,373,413,-40,-2.5,0.9,-1.6,4.2,-5.9,0
GB,1990,6,10,0,0.375,271,347,-76,-4.8,0.6,-4.1,-3.7,-0.4,0
MIN,1990,6,10,0,0.375,351,326,25,1.6,0.9,2.4,2.6,-0.2,0
SF,1990,14,2,0,0.875,353,239,114,7.1,-1.4,5.8,1.2,4.6,1
NO,1990,8,8,0,0.5,274,275,-1,-0.1,-1.2,-1.3,-4.7,3.4,1
LAR,1990,5,11,0,0.313,345,412,-67,-4.2,-0.1,-4.2,2.3,-6.5,0
ATL,1990,5,11,0,0.313,348,365,-17,-1.1,-1.1,-2.1,0.9,-3.1,0